"created_date","conta","perfil","mes","lead_type","qt_leads_diario","qt_mql_diario","qt_sal_diario","qt_email_diario","ultimo_horario_conversao_dia","conversao_lead_para_mql_diario","conversao_mql_para_sal_diario","mtd_leads","mtd_mql","mtd_sal","meta_lead_mensal","meta_mql_mensal","meta_sal_mensal","meta_lead_diaria","meta_mql_diaria","meta_sal_diaria"
2018-11-01,Brasil,A,11,MQL,41,20,9,41,2018-11-30 06:35:23.000,0.49,0.45,1045,77,42,2045,636,234,68,21,7
2018-11-01,Brasil,B,11,HR,1,0,0,1,2018-11-01 20:44:24.000,0.00,0.00,1045,77,42,2726,763,281,90,25,9
2018-11-01,Brasil,B,11,MQL,94,24,11,94,2018-11-29 12:19:56.000,0.26,0.46,1045,77,42,2726,763,281,90,25,9
2018-11-01,Brasil,C,11,MQL,68,19,15,68,2018-11-30 09:34:37.000,0.28,0.79,1045,77,42,3408,1018,375,113,33,12
2018-11-01,Brasil,D,11,HR,1,0,0,1,2018-11-01 08:10:50.000,0.00,0.00,1045,77,42,5452,128,47,181,4,1
2018-11-01,Brasil,D,11,MQL,291,1,1,291,2018-11-30 12:13:01.000,0.00,1.00,1045,77,42,5452,128,47,181,4,1
2018-11-01,Latam,A,11,MQL,8,2,1,8,2018-11-29 18:55:14.000,0.25,0.50,1045,77,42,902,157,81,30,5,2
2018-11-01,Latam,B,11,MQL,18,5,2,18,2018-11-28 05:46:52.000,0.28,0.40,1045,77,42,1203,188,97,40,6,3
2018-11-01,Latam,C,11,MQL,10,3,2,10,2018-11-28 17:53:36.000,0.30,0.67,1045,77,42,1503,250,129,50,8,4
2018-11-01,Latam,D,11,MQL,63,1,0,63,2018-11-30 00:07:49.000,0.02,0.00,1045,77,42,2405,32,17,80,1,0
2018-11-01,Partners,A,11,MQL,56,1,0,56,2018-11-29 10:54:23.000,0.02,0.00,1045,77,42,487,20,8,16,0,0
2018-11-01,Partners,B,11,MQL,120,0,0,120,2018-11-30 12:23:24.000,0.00,0.00,1045,77,42,649,24,9,21,0,0
2018-11-01,Partners,C,11,MQL,88,1,1,88,2018-11-29 15:10:03.000,0.01,1.00,1045,77,42,811,32,12,27,1,0
2018-11-01,Partners,D,11,HR,1,0,0,1,2018-11-09 07:58:35.000,0.00,0.00,1045,77,42,1298,4,2,43,0,0
2018-11-01,Partners,D,11,MQL,181,0,0,181,2018-11-30 16:46:45.000,0.00,0.00,1045,77,42,1298,4,2,43,0,0
2018-11-01,Portugal,A,11,MQL,1,0,0,1,2018-11-20 09:07:15.000,0.00,0.00,1045,77,42,59,11,3,1,0,0
2018-11-01,Portugal,B,11,MQL,1,0,0,1,2018-11-08 11:10:35.000,0.00,0.00,1045,77,42,78,13,4,2,0,0
2018-11-01,Portugal,D,11,MQL,2,0,0,2,2018-11-27 16:39:17.000,0.00,0.00,1045,77,42,156,3,1,5,0,0
2018-11-02,Brasil,A,11,MQL,8,2,0,8,2018-11-29 08:18:07.000,0.25,0.00,1336,108,49,2045,636,234,68,21,7
2018-11-02,Brasil,B,11,MQL,9,5,0,9,2018-11-29 10:26:31.000,0.56,0.00,1336,108,49,2726,763,281,90,25,9
2018-11-02,Brasil,C,11,MQL,19,9,2,19,2018-11-30 18:45:16.000,0.47,0.22,1336,108,49,3408,1018,375,113,33,12
2018-11-02,Brasil,D,11,MQL,106,0,0,106,2018-11-30 07:54:36.000,0.00,0.00,1336,108,49,5452,128,47,181,4,1
2018-11-02,Latam,A,11,MQL,6,2,2,6,2018-11-29 15:04:55.000,0.33,1.00,1336,108,49,902,157,81,30,5,2
2018-11-02,Latam,B,11,MQL,14,4,2,14,2018-11-30 13:37:10.000,0.29,0.50,1336,108,49,1203,188,97,40,6,3
2018-11-02,Latam,C,11,MQL,10,3,0,10,2018-11-29 15:04:18.000,0.30,0.00,1336,108,49,1503,250,129,50,8,4
2018-11-02,Latam,D,11,HR,2,0,0,2,2018-11-08 09:45:04.000,0.00,0.00,1336,108,49,2405,32,17,80,1,0
2018-11-02,Latam,D,11,MQL,51,2,0,51,2018-11-30 09:34:06.000,0.04,0.00,1336,108,49,2405,32,17,80,1,0
2018-11-02,Partners,A,11,MQL,5,1,1,5,2018-11-16 10:35:26.000,0.20,1.00,1336,108,49,487,20,8,16,0,0
2018-11-02,Partners,B,11,MQL,10,0,0,10,2018-11-11 14:21:35.000,0.00,0.00,1336,108,49,649,24,9,21,0,0
2018-11-02,Partners,C,11,MQL,5,0,0,5,2018-11-29 20:30:52.000,0.00,0.00,1336,108,49,811,32,12,27,1,0
2018-11-02,Partners,D,11,MQL,40,1,0,40,2018-11-30 10:22:38.000,0.03,0.00,1336,108,49,1298,4,2,43,0,0
2018-11-02,Portugal,B,11,MQL,2,1,0,2,2018-11-20 06:16:11.000,0.50,0.00,1336,108,49,78,13,4,2,0,0
2018-11-02,Portugal,C,11,MQL,3,1,0,3,2018-11-27 06:56:11.000,0.33,0.00,1336,108,49,98,18,5,3,0,0
2018-11-02,Portugal,D,11,MQL,1,0,0,1,2018-11-02 05:55:24.000,0.00,0.00,1336,108,49,156,3,1,5,0,0
2018-11-03,Brasil,A,11,MQL,9,4,1,9,2018-11-29 23:50:06.000,0.44,0.25,1519,128,60,2045,636,234,68,21,7
2018-11-03,Brasil,B,11,MQL,9,2,1,9,2018-11-26 10:53:59.000,0.22,0.50,1519,128,60,2726,763,281,90,25,9
2018-11-03,Brasil,C,11,MQL,10,8,6,10,2018-11-29 08:27:06.000,0.80,0.75,1519,128,60,3408,1018,375,113,33,12
2018-11-03,Brasil,D,11,HR,1,0,0,1,2018-11-03 06:36:05.000,0.00,0.00,1519,128,60,5452,128,47,181,4,1
2018-11-03,Brasil,D,11,MQL,92,0,0,92,2018-11-29 08:36:05.000,0.00,0.00,1519,128,60,5452,128,47,181,4,1
2018-11-03,Latam,A,11,MQL,4,1,1,4,2018-11-28 13:49:06.000,0.25,1.00,1519,128,60,902,157,81,30,5,2
2018-11-03,Latam,B,11,MQL,5,2,1,5,2018-11-27 11:18:43.000,0.40,0.50,1519,128,60,1203,188,97,40,6,3
2018-11-03,Latam,C,11,HR,1,0,0,1,2018-11-19 14:31:40.000,0.00,0.00,1519,128,60,1503,250,129,50,8,4
2018-11-03,Latam,C,11,MQL,3,1,0,3,2018-11-27 10:54:39.000,0.33,0.00,1519,128,60,1503,250,129,50,8,4
2018-11-03,Latam,D,11,MQL,25,2,1,25,2018-11-29 12:59:15.000,0.08,0.50,1519,128,60,2405,32,17,80,1,0
2018-11-03,Partners,A,11,MQL,3,0,0,3,2018-11-30 11:07:02.000,0.00,0.00,1519,128,60,487,20,8,16,0,0
2018-11-03,Partners,B,11,MQL,5,0,0,5,2018-11-29 08:11:10.000,0.00,0.00,1519,128,60,649,24,9,21,0,0
2018-11-03,Partners,C,11,MQL,6,0,0,6,2018-11-14 19:20:49.000,0.00,0.00,1519,128,60,811,32,12,27,1,0
2018-11-03,Partners,D,11,MQL,9,0,0,9,2018-11-27 10:08:19.000,0.00,0.00,1519,128,60,1298,4,2,43,0,0
2018-11-03,Portugal,D,11,MQL,1,0,0,1,2018-11-28 06:57:03.000,0.00,0.00,1519,128,60,156,3,1,5,0,0
2018-11-04,Brasil,A,11,MQL,7,5,1,7,2018-11-29 11:14:56.000,0.71,0.20,1677,146,67,2045,636,234,68,21,7
2018-11-04,Brasil,B,11,MQL,10,3,0,10,2018-11-29 11:23:52.000,0.30,0.00,1677,146,67,2726,763,281,90,25,9
2018-11-04,Brasil,C,11,MQL,7,3,3,7,2018-11-25 07:11:04.000,0.43,1.00,1677,146,67,3408,1018,375,113,33,12
2018-11-04,Brasil,D,11,MQL,77,1,0,77,2018-11-30 06:25:19.000,0.01,0.00,1677,146,67,5452,128,47,181,4,1
2018-11-04,Latam,A,11,MQL,2,0,0,2,2018-11-14 16:22:26.000,0.00,0.00,1677,146,67,902,157,81,30,5,2
2018-11-04,Latam,B,11,MQL,7,2,1,7,2018-11-29 14:53:39.000,0.29,0.50,1677,146,67,1203,188,97,40,6,3
2018-11-04,Latam,C,11,MQL,6,2,1,6,2018-11-29 13:37:29.000,0.33,0.50,1677,146,67,1503,250,129,50,8,4
2018-11-04,Latam,D,11,MQL,21,1,0,21,2018-11-29 23:32:18.000,0.05,0.00,1677,146,67,2405,32,17,80,1,0
2018-11-04,Partners,A,11,MQL,1,0,0,1,2018-11-07 08:23:33.000,0.00,0.00,1677,146,67,487,20,8,16,0,0
2018-11-04,Partners,B,11,MQL,5,0,0,5,2018-11-04 22:09:59.000,0.00,0.00,1677,146,67,649,24,9,21,0,0
2018-11-04,Partners,C,11,MQL,4,0,0,4,2018-11-04 21:00:26.000,0.00,0.00,1677,146,67,811,32,12,27,1,0
2018-11-04,Partners,D,11,MQL,8,1,1,8,2018-11-22 16:25:36.000,0.13,1.00,1677,146,67,1298,4,2,43,0,0
2018-11-04,Portugal,D,11,MQL,3,0,0,3,2018-11-27 06:06:12.000,0.00,0.00,1677,146,67,156,3,1,5,0,0
2018-11-05,Brasil,A,11,HR,1,0,0,1,2018-11-08 12:34:17.000,0.00,0.00,2469,297,115,2045,636,234,68,21,7
2018-11-05,Brasil,A,11,MQL,67,27,4,67,2018-11-30 03:10:04.000,0.40,0.15,2469,297,115,2045,636,234,68,21,7
2018-11-05,Brasil,B,11,MQL,104,56,19,104,2018-11-30 14:26:09.000,0.54,0.34,2469,297,115,2726,763,281,90,25,9
2018-11-05,Brasil,C,11,MQL,79,41,13,79,2018-11-30 15:00:35.000,0.52,0.32,2469,297,115,3408,1018,375,113,33,12
2018-11-05,Brasil,D,11,HR,1,0,0,1,2018-11-05 18:53:01.000,0.00,0.00,2469,297,115,5452,128,47,181,4,1
2018-11-05,Brasil,D,11,MQL,291,2,0,291,2018-11-29 21:17:21.000,0.01,0.00,2469,297,115,5452,128,47,181,4,1
2018-11-05,Latam,A,11,MQL,10,4,2,10,2018-11-29 23:14:27.000,0.40,0.50,2469,297,115,902,157,81,30,5,2
2018-11-05,Latam,B,11,MQL,17,5,4,17,2018-11-29 15:58:07.000,0.29,0.80,2469,297,115,1203,188,97,40,6,3
2018-11-05,Latam,C,11,HR,1,1,0,1,2018-11-05 11:29:53.000,1.00,0.00,2469,297,115,1503,250,129,50,8,4
2018-11-05,Latam,C,11,MQL,8,3,1,8,2018-11-22 11:41:53.000,0.38,0.33,2469,297,115,1503,250,129,50,8,4
2018-11-05,Latam,D,11,HR,3,0,0,3,2018-11-28 15:26:53.000,0.00,0.00,2469,297,115,2405,32,17,80,1,0
2018-11-05,Latam,D,11,MQL,45,6,1,45,2018-11-30 10:42:00.000,0.13,0.17,2469,297,115,2405,32,17,80,1,0
2018-11-05,Partners,A,11,MQL,18,1,1,18,2018-11-27 15:53:42.000,0.06,1.00,2469,297,115,487,20,8,16,0,0
2018-11-05,Partners,B,11,HR,1,0,0,1,2018-11-21 08:15:08.000,0.00,0.00,2469,297,115,649,24,9,21,0,0
2018-11-05,Partners,B,11,MQL,47,1,0,47,2018-11-29 10:17:03.000,0.02,0.00,2469,297,115,649,24,9,21,0,0
2018-11-05,Partners,C,11,MQL,30,0,0,30,2018-11-30 17:32:51.000,0.00,0.00,2469,297,115,811,32,12,27,1,0
2018-11-05,Partners,D,11,MQL,63,1,1,63,2018-11-30 20:22:45.000,0.02,1.00,2469,297,115,1298,4,2,43,0,0
2018-11-05,Portugal,A,11,MQL,1,0,0,1,2018-11-28 08:10:36.000,0.00,0.00,2469,297,115,59,11,3,1,0,0
2018-11-05,Portugal,B,11,MQL,2,2,2,2,2018-11-27 07:48:03.000,1.00,1.00,2469,297,115,78,13,4,2,0,0
2018-11-05,Portugal,C,11,MQL,1,1,0,1,2018-11-27 04:52:15.000,1.00,0.00,2469,297,115,98,18,5,3,0,0
2018-11-05,Portugal,D,11,MQL,2,0,0,2,2018-11-07 04:24:22.000,0.00,0.00,2469,297,115,156,3,1,5,0,0
2018-11-06,Brasil,A,11,MQL,39,20,1,39,2018-11-30 10:35:54.000,0.51,0.05,3220,409,151,2045,636,234,68,21,7
2018-11-06,Brasil,B,11,MQL,39,21,2,39,2018-11-29 16:29:41.000,0.54,0.10,3220,409,151,2726,763,281,90,25,9
2018-11-06,Brasil,C,11,MQL,29,12,3,29,2018-11-30 13:33:25.000,0.41,0.25,3220,409,151,3408,1018,375,113,33,12
2018-11-06,Brasil,D,11,MQL,167,1,0,167,2018-11-30 09:39:25.000,0.01,0.00,3220,409,151,5452,128,47,181,4,1
2018-11-06,Latam,A,11,MQL,37,6,5,37,2018-11-29 12:25:21.000,0.16,0.83,3220,409,151,902,157,81,30,5,2
2018-11-06,Latam,B,11,MQL,89,20,8,89,2018-11-29 17:35:48.000,0.22,0.40,3220,409,151,1203,188,97,40,6,3
2018-11-06,Latam,C,11,HR,2,1,1,2,2018-11-19 20:56:46.000,0.50,1.00,3220,409,151,1503,250,129,50,8,4
2018-11-06,Latam,C,11,MQL,65,19,11,65,2018-11-30 12:19:12.000,0.29,0.58,3220,409,151,1503,250,129,50,8,4
2018-11-06,Latam,D,11,HR,2,0,0,2,2018-11-29 05:41:05.000,0.00,0.00,3220,409,151,2405,32,17,80,1,0
2018-11-06,Latam,D,11,MQL,224,8,3,224,2018-11-30 11:26:15.000,0.04,0.38,3220,409,151,2405,32,17,80,1,0
2018-11-06,Partners,A,11,MQL,7,1,0,7,2018-11-29 13:48:31.000,0.14,0.00,3220,409,151,487,20,8,16,0,0
2018-11-06,Partners,B,11,MQL,14,1,1,14,2018-11-28 13:26:47.000,0.07,1.00,3220,409,151,649,24,9,21,0,0
2018-11-06,Partners,C,11,MQL,10,0,0,10,2018-11-27 07:06:10.000,0.00,0.00,3220,409,151,811,32,12,27,1,0
2018-11-06,Partners,D,11,MQL,20,0,0,20,2018-11-30 07:58:49.000,0.00,0.00,3220,409,151,1298,4,2,43,0,0
2018-11-06,Portugal,B,11,HR,1,1,1,1,2018-11-11 11:35:21.000,1.00,1.00,3220,409,151,78,13,4,2,0,0
2018-11-06,Portugal,B,11,MQL,2,1,0,2,2018-11-16 16:08:57.000,0.50,0.00,3220,409,151,78,13,4,2,0,0
2018-11-06,Portugal,D,11,MQL,4,0,0,4,2018-11-22 19:41:50.000,0.00,0.00,3220,409,151,156,3,1,5,0,0
2018-11-07,Brasil,A,11,MQL,36,16,1,36,2018-11-29 15:04:16.000,0.44,0.06,3858,529,205,2045,636,234,68,21,7
2018-11-07,Brasil,B,11,MQL,62,30,13,62,2018-11-30 11:47:51.000,0.48,0.43,3858,529,205,2726,763,281,90,25,9
2018-11-07,Brasil,C,11,MQL,39,24,13,39,2018-11-30 13:17:36.000,0.62,0.54,3858,529,205,3408,1018,375,113,33,12
2018-11-07,Brasil,D,11,HR,1,0,0,1,2018-11-07 19:24:17.000,0.00,0.00,3858,529,205,5452,128,47,181,4,1
2018-11-07,Brasil,D,11,MQL,111,0,0,111,2018-11-30 20:37:43.000,0.00,0.00,3858,529,205,5452,128,47,181,4,1
2018-11-07,Latam,A,11,MQL,28,3,2,28,2018-11-29 12:42:21.000,0.11,0.67,3858,529,205,902,157,81,30,5,2
2018-11-07,Latam,B,11,HR,1,1,1,1,2018-11-07 23:01:31.000,1.00,1.00,3858,529,205,1203,188,97,40,6,3
2018-11-07,Latam,B,11,MQL,72,26,17,72,2018-11-30 08:14:47.000,0.36,0.65,3858,529,205,1203,188,97,40,6,3
2018-11-07,Latam,C,11,MQL,43,9,5,43,2018-11-30 18:20:37.000,0.21,0.56,3858,529,205,1503,250,129,50,8,4
2018-11-07,Latam,D,11,HR,1,1,0,1,2018-11-07 19:26:36.000,1.00,0.00,3858,529,205,2405,32,17,80,1,0
2018-11-07,Latam,D,11,MQL,168,10,2,168,2018-11-30 16:38:51.000,0.06,0.20,3858,529,205,2405,32,17,80,1,0
2018-11-07,Partners,A,11,MQL,2,0,0,2,2018-11-30 08:37:46.000,0.00,0.00,3858,529,205,487,20,8,16,0,0
2018-11-07,Partners,B,11,MQL,14,0,0,14,2018-11-28 08:12:10.000,0.00,0.00,3858,529,205,649,24,9,21,0,0
2018-11-07,Partners,C,11,MQL,4,0,0,4,2018-11-30 06:28:15.000,0.00,0.00,3858,529,205,811,32,12,27,1,0
2018-11-07,Partners,D,11,HR,1,0,0,1,2018-11-14 20:29:10.000,0.00,0.00,3858,529,205,1298,4,2,43,0,0
2018-11-07,Partners,D,11,MQL,28,0,0,28,2018-11-29 06:23:06.000,0.00,0.00,3858,529,205,1298,4,2,43,0,0
2018-11-07,Portugal,A,11,MQL,1,0,0,1,2018-11-27 08:54:12.000,0.00,0.00,3858,529,205,59,11,3,1,0,0
2018-11-07,Portugal,B,11,MQL,7,0,0,7,2018-11-28 07:55:45.000,0.00,0.00,3858,529,205,78,13,4,2,0,0
2018-11-07,Portugal,C,11,MQL,3,0,0,3,2018-11-27 06:11:15.000,0.00,0.00,3858,529,205,98,18,5,3,0,0
2018-11-07,Portugal,D,11,MQL,16,0,0,16,2018-11-28 04:06:13.000,0.00,0.00,3858,529,205,156,3,1,5,0,0
2018-11-08,Brasil,A,11,MQL,33,21,4,33,2018-11-29 11:44:12.000,0.64,0.19,4819,661,255,2045,636,234,68,21,7
2018-11-08,Brasil,B,11,HR,2,2,2,2,2018-11-11 19:47:40.000,1.00,1.00,4819,661,255,2726,763,281,90,25,9
2018-11-08,Brasil,B,11,MQL,99,48,9,99,2018-11-30 07:19:01.000,0.48,0.19,4819,661,255,2726,763,281,90,25,9
2018-11-08,Brasil,C,11,MQL,56,27,12,56,2018-11-29 23:33:46.000,0.48,0.44,4819,661,255,3408,1018,375,113,33,12
2018-11-08,Brasil,D,11,MQL,299,1,0,299,2018-11-30 20:46:04.000,0.00,0.00,4819,661,255,5452,128,47,181,4,1
2018-11-08,Latam,A,11,MQL,33,5,3,33,2018-11-30 08:17:11.000,0.15,0.60,4819,661,255,902,157,81,30,5,2
2018-11-08,Latam,B,11,MQL,65,11,9,65,2018-11-29 18:52:06.000,0.17,0.82,4819,661,255,1203,188,97,40,6,3
2018-11-08,Latam,C,11,MQL,47,7,5,47,2018-11-29 22:27:46.000,0.15,0.71,4819,661,255,1503,250,129,50,8,4
2018-11-08,Latam,D,11,HR,2,0,0,2,2018-11-10 08:34:55.000,0.00,0.00,4819,661,255,2405,32,17,80,1,0
2018-11-08,Latam,D,11,MQL,231,6,4,231,2018-11-30 19:07:11.000,0.03,0.67,4819,661,255,2405,32,17,80,1,0
2018-11-08,Partners,A,11,MQL,3,0,0,3,2018-11-08 09:11:57.000,0.00,0.00,4819,661,255,487,20,8,16,0,0
2018-11-08,Partners,B,11,HR,1,0,0,1,2018-11-08 06:47:28.000,0.00,0.00,4819,661,255,649,24,9,21,0,0
2018-11-08,Partners,B,11,MQL,19,2,0,19,2018-11-29 11:50:59.000,0.11,0.00,4819,661,255,649,24,9,21,0,0
2018-11-08,Partners,C,11,MQL,10,0,0,10,2018-11-22 11:51:33.000,0.00,0.00,4819,661,255,811,32,12,27,1,0
2018-11-08,Partners,D,11,MQL,45,1,1,45,2018-11-30 08:06:11.000,0.02,1.00,4819,661,255,1298,4,2,43,0,0
2018-11-08,Portugal,A,11,MQL,2,1,1,2,2018-11-28 06:21:16.000,0.50,1.00,4819,661,255,59,11,3,1,0,0
2018-11-08,Portugal,B,11,MQL,3,0,0,3,2018-11-27 06:03:59.000,0.00,0.00,4819,661,255,78,13,4,2,0,0
2018-11-08,Portugal,C,11,MQL,2,0,0,2,2018-11-08 10:18:09.000,0.00,0.00,4819,661,255,98,18,5,3,0,0
2018-11-08,Portugal,D,11,MQL,9,0,0,9,2018-11-27 04:29:06.000,0.00,0.00,4819,661,255,156,3,1,5,0,0
2018-11-09,Brasil,A,11,MQL,15,9,3,15,2018-11-29 12:40:40.000,0.60,0.33,5169,705,270,2045,636,234,68,21,7
2018-11-09,Brasil,B,11,HR,1,1,0,1,2018-11-11 17:59:40.000,1.00,0.00,5169,705,270,2726,763,281,90,25,9
2018-11-09,Brasil,B,11,MQL,29,11,5,29,2018-11-29 12:34:41.000,0.38,0.45,5169,705,270,2726,763,281,90,25,9
2018-11-09,Brasil,C,11,MQL,29,13,3,29,2018-11-30 08:16:16.000,0.45,0.23,5169,705,270,3408,1018,375,113,33,12
2018-11-09,Brasil,D,11,MQL,138,0,0,138,2018-11-30 08:51:52.000,0.00,0.00,5169,705,270,5452,128,47,181,4,1
2018-11-09,Latam,A,11,MQL,7,0,0,7,2018-11-27 09:01:20.000,0.00,0.00,5169,705,270,902,157,81,30,5,2
2018-11-09,Latam,B,11,MQL,19,2,2,19,2018-11-29 16:04:35.000,0.11,1.00,5169,705,270,1203,188,97,40,6,3
2018-11-09,Latam,C,11,MQL,16,2,0,16,2018-11-28 10:12:37.000,0.13,0.00,5169,705,270,1503,250,129,50,8,4
2018-11-09,Latam,D,11,MQL,50,4,1,50,2018-11-30 13:19:48.000,0.08,0.25,5169,705,270,2405,32,17,80,1,0
2018-11-09,Partners,A,11,MQL,2,1,1,2,2018-11-28 14:44:21.000,0.50,1.00,5169,705,270,487,20,8,16,0,0
2018-11-09,Partners,B,11,MQL,8,0,0,8,2018-11-30 17:09:29.000,0.00,0.00,5169,705,270,649,24,9,21,0,0
2018-11-09,Partners,C,11,MQL,3,0,0,3,2018-11-22 06:56:44.000,0.00,0.00,5169,705,270,811,32,12,27,1,0
2018-11-09,Partners,D,11,MQL,28,0,0,28,2018-11-30 07:03:54.000,0.00,0.00,5169,705,270,1298,4,2,43,0,0
2018-11-09,Portugal,B,11,MQL,2,0,0,2,2018-11-20 09:12:01.000,0.00,0.00,5169,705,270,78,13,4,2,0,0
2018-11-09,Portugal,C,11,MQL,1,1,0,1,2018-11-27 06:29:25.000,1.00,0.00,5169,705,270,98,18,5,3,0,0
2018-11-09,Portugal,D,11,MQL,2,0,0,2,2018-11-27 09:27:37.000,0.00,0.00,5169,705,270,156,3,1,5,0,0
2018-11-10,Brasil,A,11,MQL,11,8,5,11,2018-11-30 06:52:39.000,0.73,0.63,5316,731,283,2045,636,234,68,21,7
2018-11-10,Brasil,B,11,MQL,15,6,3,15,2018-11-29 11:39:54.000,0.40,0.50,5316,731,283,2726,763,281,90,25,9
2018-11-10,Brasil,C,11,MQL,14,8,2,14,2018-11-30 07:11:39.000,0.57,0.25,5316,731,283,3408,1018,375,113,33,12
2018-11-10,Brasil,D,11,HR,1,0,0,1,2018-11-10 17:47:27.000,0.00,0.00,5316,731,283,5452,128,47,181,4,1
2018-11-10,Brasil,D,11,MQL,59,0,0,59,2018-11-30 12:00:59.000,0.00,0.00,5316,731,283,5452,128,47,181,4,1
2018-11-10,Latam,A,11,MQL,3,0,0,3,2018-11-10 20:20:33.000,0.00,0.00,5316,731,283,902,157,81,30,5,2
2018-11-10,Latam,B,11,HR,1,1,0,1,2018-11-10 12:01:05.000,1.00,0.00,5316,731,283,1203,188,97,40,6,3
2018-11-10,Latam,B,11,MQL,10,1,1,10,2018-11-27 19:25:42.000,0.10,1.00,5316,731,283,1203,188,97,40,6,3
2018-11-10,Latam,C,11,MQL,4,1,1,4,2018-11-16 10:10:31.000,0.25,1.00,5316,731,283,1503,250,129,50,8,4
2018-11-10,Latam,D,11,HR,1,0,0,1,2018-11-10 19:15:22.000,0.00,0.00,5316,731,283,2405,32,17,80,1,0
2018-11-10,Latam,D,11,MQL,20,0,0,20,2018-11-29 10:40:06.000,0.00,0.00,5316,731,283,2405,32,17,80,1,0
2018-11-10,Partners,B,11,MQL,2,0,0,2,2018-11-29 20:47:44.000,0.00,0.00,5316,731,283,649,24,9,21,0,0
2018-11-10,Partners,D,11,MQL,4,0,0,4,2018-11-22 10:54:08.000,0.00,0.00,5316,731,283,1298,4,2,43,0,0
2018-11-10,Portugal,B,11,MQL,1,1,1,1,2018-11-27 04:58:54.000,1.00,1.00,5316,731,283,78,13,4,2,0,0
2018-11-10,Portugal,D,11,MQL,1,0,0,1,2018-11-13 05:16:49.000,0.00,0.00,5316,731,283,156,3,1,5,0,0
2018-11-11,Brasil,A,11,MQL,4,2,0,4,2018-11-27 05:18:11.000,0.50,0.00,5441,746,286,2045,636,234,68,21,7
2018-11-11,Brasil,B,11,MQL,8,5,1,8,2018-11-30 18:37:08.000,0.63,0.20,5441,746,286,2726,763,281,90,25,9
2018-11-11,Brasil,C,11,MQL,6,4,1,6,2018-11-29 19:15:23.000,0.67,0.25,5441,746,286,3408,1018,375,113,33,12
2018-11-11,Brasil,D,11,MQL,64,1,1,64,2018-11-29 08:51:50.000,0.02,1.00,5441,746,286,5452,128,47,181,4,1
2018-11-11,Latam,A,11,MQL,2,1,0,2,2018-11-11 23:36:16.000,0.50,0.00,5441,746,286,902,157,81,30,5,2
2018-11-11,Latam,B,11,MQL,4,0,0,4,2018-11-30 10:43:19.000,0.00,0.00,5441,746,286,1203,188,97,40,6,3
2018-11-11,Latam,C,11,MQL,3,1,0,3,2018-11-27 09:03:24.000,0.33,0.00,5441,746,286,1503,250,129,50,8,4
2018-11-11,Latam,D,11,HR,1,0,0,1,2018-11-15 19:52:43.000,0.00,0.00,5441,746,286,2405,32,17,80,1,0
2018-11-11,Latam,D,11,MQL,18,0,0,18,2018-11-30 19:17:56.000,0.00,0.00,5441,746,286,2405,32,17,80,1,0
2018-11-11,Partners,B,11,MQL,3,1,0,3,2018-11-12 20:23:26.000,0.33,0.00,5441,746,286,649,24,9,21,0,0
2018-11-11,Partners,C,11,MQL,3,0,0,3,2018-11-13 18:46:43.000,0.00,0.00,5441,746,286,811,32,12,27,1,0
2018-11-11,Partners,D,11,MQL,4,0,0,4,2018-11-30 08:46:31.000,0.00,0.00,5441,746,286,1298,4,2,43,0,0
2018-11-11,Portugal,B,11,MQL,2,0,0,2,2018-11-21 05:19:11.000,0.00,0.00,5441,746,286,78,13,4,2,0,0
2018-11-11,Portugal,C,11,MQL,2,0,0,2,2018-11-11 13:17:22.000,0.00,0.00,5441,746,286,98,18,5,3,0,0
2018-11-11,Portugal,D,11,MQL,1,0,0,1,2018-11-25 09:39:02.000,0.00,0.00,5441,746,286,156,3,1,5,0,0
2018-11-12,Brasil,A,11,MQL,74,35,9,74,2018-11-29 07:59:02.000,0.47,0.26,6286,899,340,2045,636,234,68,21,7
2018-11-12,Brasil,B,11,HR,1,1,1,1,2018-11-12 06:23:09.000,1.00,1.00,6286,899,340,2726,763,281,90,25,9
2018-11-12,Brasil,B,11,MQL,101,47,12,101,2018-11-30 13:52:52.000,0.47,0.26,6286,899,340,2726,763,281,90,25,9
2018-11-12,Brasil,C,11,MQL,71,42,15,71,2018-11-29 09:01:52.000,0.59,0.36,6286,899,340,3408,1018,375,113,33,12
2018-11-12,Brasil,D,11,HR,2,0,0,2,2018-11-12 10:39:45.000,0.00,0.00,6286,899,340,5452,128,47,181,4,1
2018-11-12,Brasil,D,11,MQL,215,1,1,215,2018-11-30 07:40:54.000,0.00,1.00,6286,899,340,5452,128,47,181,4,1
2018-11-12,Latam,A,11,MQL,37,2,1,37,2018-11-29 13:29:59.000,0.05,0.50,6286,899,340,902,157,81,30,5,2
2018-11-12,Latam,B,11,HR,2,2,2,2,2018-11-22 11:06:32.000,1.00,1.00,6286,899,340,1203,188,97,40,6,3
2018-11-12,Latam,B,11,MQL,64,8,5,64,2018-11-29 17:00:51.000,0.13,0.63,6286,899,340,1203,188,97,40,6,3
2018-11-12,Latam,C,11,MQL,35,3,2,35,2018-11-29 17:57:19.000,0.09,0.67,6286,899,340,1503,250,129,50,8,4
2018-11-12,Latam,D,11,MQL,186,6,2,186,2018-11-30 17:19:13.000,0.03,0.33,6286,899,340,2405,32,17,80,1,0
2018-11-12,Partners,A,11,MQL,8,0,0,8,2018-11-20 06:33:09.000,0.00,0.00,6286,899,340,487,20,8,16,0,0
2018-11-12,Partners,B,11,MQL,9,3,2,9,2018-11-21 07:53:12.000,0.33,0.67,6286,899,340,649,24,9,21,0,0
2018-11-12,Partners,C,11,MQL,8,1,1,8,2018-11-29 11:43:19.000,0.13,1.00,6286,899,340,811,32,12,27,1,0
2018-11-12,Partners,D,11,MQL,25,0,0,25,2018-11-29 13:13:24.000,0.00,0.00,6286,899,340,1298,4,2,43,0,0
2018-11-12,Portugal,A,11,MQL,1,0,0,1,2018-11-12 04:44:33.000,0.00,0.00,6286,899,340,59,11,3,1,0,0
2018-11-12,Portugal,C,11,MQL,2,0,0,2,2018-11-20 07:49:06.000,0.00,0.00,6286,899,340,98,18,5,3,0,0
2018-11-12,Portugal,D,11,MQL,4,2,1,4,2018-11-28 04:23:49.000,0.50,0.50,6286,899,340,156,3,1,5,0,0
2018-11-13,Brasil,A,11,MQL,27,11,2,27,2018-11-29 11:31:43.000,0.41,0.18,6734,962,362,2045,636,234,68,21,7
2018-11-13,Brasil,B,11,MQL,41,16,5,41,2018-11-30 11:06:21.000,0.39,0.31,6734,962,362,2726,763,281,90,25,9
2018-11-13,Brasil,C,11,MQL,23,16,7,23,2018-11-29 12:53:16.000,0.70,0.44,6734,962,362,3408,1018,375,113,33,12
2018-11-13,Brasil,D,11,MQL,98,0,0,98,2018-11-30 07:59:49.000,0.00,0.00,6734,962,362,5452,128,47,181,4,1
2018-11-13,Latam,A,11,MQL,18,2,1,18,2018-11-30 18:40:45.000,0.11,0.50,6734,962,362,902,157,81,30,5,2
2018-11-13,Latam,B,11,HR,3,2,1,3,2018-11-19 13:05:17.000,0.67,0.50,6734,962,362,1203,188,97,40,6,3
2018-11-13,Latam,B,11,MQL,29,6,1,29,2018-11-30 18:51:47.000,0.21,0.17,6734,962,362,1203,188,97,40,6,3
2018-11-13,Latam,C,11,MQL,28,5,2,28,2018-11-30 02:30:45.000,0.18,0.40,6734,962,362,1503,250,129,50,8,4
2018-11-13,Latam,D,11,HR,1,0,0,1,2018-11-13 20:10:53.000,0.00,0.00,6734,962,362,2405,32,17,80,1,0
2018-11-13,Latam,D,11,MQL,128,1,1,128,2018-11-30 17:59:04.000,0.01,1.00,6734,962,362,2405,32,17,80,1,0
2018-11-13,Partners,A,11,MQL,9,0,0,9,2018-11-27 11:08:24.000,0.00,0.00,6734,962,362,487,20,8,16,0,0
2018-11-13,Partners,B,11,HR,1,1,1,1,2018-11-30 13:51:50.000,1.00,1.00,6734,962,362,649,24,9,21,0,0
2018-11-13,Partners,B,11,MQL,12,2,1,12,2018-11-29 09:28:48.000,0.17,0.50,6734,962,362,649,24,9,21,0,0
2018-11-13,Partners,C,11,MQL,3,0,0,3,2018-11-13 22:20:08.000,0.00,0.00,6734,962,362,811,32,12,27,1,0
2018-11-13,Partners,D,11,HR,1,1,0,1,2018-11-13 18:57:15.000,1.00,0.00,6734,962,362,1298,4,2,43,0,0
2018-11-13,Partners,D,11,MQL,21,0,0,21,2018-11-29 12:57:49.000,0.00,0.00,6734,962,362,1298,4,2,43,0,0
2018-11-13,Portugal,B,11,MQL,1,0,0,1,2018-11-27 11:21:28.000,0.00,0.00,6734,962,362,78,13,4,2,0,0
2018-11-13,Portugal,C,11,MQL,1,0,0,1,2018-11-27 05:25:07.000,0.00,0.00,6734,962,362,98,18,5,3,0,0
2018-11-13,Portugal,D,11,MQL,3,0,0,3,2018-11-30 09:22:46.000,0.00,0.00,6734,962,362,156,3,1,5,0,0
2018-11-14,Brasil,A,11,MQL,60,31,6,60,2018-11-29 13:15:56.000,0.52,0.19,7458,1105,406,2045,636,234,68,21,7
2018-11-14,Brasil,B,11,MQL,149,62,18,149,2018-11-30 16:57:29.000,0.42,0.29,7458,1105,406,2726,763,281,90,25,9
2018-11-14,Brasil,C,11,MQL,77,35,13,77,2018-11-30 08:40:24.000,0.45,0.37,7458,1105,406,3408,1018,375,113,33,12
2018-11-14,Brasil,D,11,MQL,243,0,0,243,2018-11-30 14:00:00.000,0.00,0.00,7458,1105,406,5452,128,47,181,4,1
2018-11-14,Latam,A,11,MQL,10,2,2,10,2018-11-25 11:38:33.000,0.20,1.00,7458,1105,406,902,157,81,30,5,2
2018-11-14,Latam,B,11,HR,1,1,0,1,2018-11-27 13:31:33.000,1.00,0.00,7458,1105,406,1203,188,97,40,6,3
2018-11-14,Latam,B,11,MQL,21,4,4,21,2018-11-29 17:25:37.000,0.19,1.00,7458,1105,406,1203,188,97,40,6,3
2018-11-14,Latam,C,11,HR,1,0,0,1,2018-11-26 09:27:22.000,0.00,0.00,7458,1105,406,1503,250,129,50,8,4
2018-11-14,Latam,C,11,MQL,16,2,0,16,2018-11-29 09:16:24.000,0.13,0.00,7458,1105,406,1503,250,129,50,8,4
2018-11-14,Latam,D,11,HR,1,1,0,1,2018-11-28 17:35:56.000,1.00,0.00,7458,1105,406,2405,32,17,80,1,0
2018-11-14,Latam,D,11,MQL,81,4,1,81,2018-11-30 12:13:32.000,0.05,0.25,7458,1105,406,2405,32,17,80,1,0
2018-11-14,Partners,A,11,MQL,2,0,0,2,2018-11-14 14:34:57.000,0.00,0.00,7458,1105,406,487,20,8,16,0,0
2018-11-14,Partners,B,11,MQL,16,1,0,16,2018-11-29 16:29:59.000,0.06,0.00,7458,1105,406,649,24,9,21,0,0
2018-11-14,Partners,C,11,MQL,7,0,0,7,2018-11-30 06:35:37.000,0.00,0.00,7458,1105,406,811,32,12,27,1,0
2018-11-14,Partners,D,11,MQL,31,0,0,31,2018-11-30 06:32:08.000,0.00,0.00,7458,1105,406,1298,4,2,43,0,0
2018-11-14,Portugal,B,11,MQL,3,0,0,3,2018-11-27 04:45:39.000,0.00,0.00,7458,1105,406,78,13,4,2,0,0
2018-11-14,Portugal,C,11,MQL,1,0,0,1,2018-11-14 05:53:49.000,0.00,0.00,7458,1105,406,98,18,5,3,0,0
2018-11-14,Portugal,D,11,MQL,4,0,0,4,2018-11-27 04:29:58.000,0.00,0.00,7458,1105,406,156,3,1,5,0,0
2018-11-15,Brasil,A,11,MQL,12,2,1,12,2018-11-26 12:23:18.000,0.17,0.50,7820,1145,419,2045,636,234,68,21,7
2018-11-15,Brasil,B,11,MQL,20,9,3,20,2018-11-27 13:33:28.000,0.45,0.33,7820,1145,419,2726,763,281,90,25,9
2018-11-15,Brasil,C,11,MQL,14,7,1,14,2018-11-29 13:42:03.000,0.50,0.14,7820,1145,419,3408,1018,375,113,33,12
2018-11-15,Brasil,D,11,MQL,89,0,0,89,2018-11-30 11:56:26.000,0.00,0.00,7820,1145,419,5452,128,47,181,4,1
2018-11-15,Latam,A,11,HR,1,0,0,1,2018-11-22 07:28:54.000,0.00,0.00,7820,1145,419,902,157,81,30,5,2
2018-11-15,Latam,A,11,MQL,19,3,0,19,2018-11-30 12:04:12.000,0.16,0.00,7820,1145,419,902,157,81,30,5,2
2018-11-15,Latam,B,11,HR,1,0,0,1,2018-11-19 04:45:17.000,0.00,0.00,7820,1145,419,1203,188,97,40,6,3
2018-11-15,Latam,B,11,MQL,40,7,5,40,2018-11-30 14:17:43.000,0.18,0.71,7820,1145,419,1203,188,97,40,6,3
2018-11-15,Latam,C,11,HR,1,1,1,1,2018-11-19 14:28:30.000,1.00,1.00,7820,1145,419,1503,250,129,50,8,4
2018-11-15,Latam,C,11,MQL,29,7,1,29,2018-11-29 11:01:12.000,0.24,0.14,7820,1145,419,1503,250,129,50,8,4
2018-11-15,Latam,D,11,MQL,124,4,1,124,2018-11-30 14:07:40.000,0.03,0.25,7820,1145,419,2405,32,17,80,1,0
2018-11-15,Partners,B,11,MQL,2,0,0,2,2018-11-19 16:45:51.000,0.00,0.00,7820,1145,419,649,24,9,21,0,0
2018-11-15,Partners,C,11,MQL,1,0,0,1,2018-11-15 18:02:22.000,0.00,0.00,7820,1145,419,811,32,12,27,1,0
2018-11-15,Partners,D,11,MQL,4,0,0,4,2018-11-27 10:04:04.000,0.00,0.00,7820,1145,419,1298,4,2,43,0,0
2018-11-15,Portugal,B,11,MQL,2,0,0,2,2018-11-27 05:35:02.000,0.00,0.00,7820,1145,419,78,13,4,2,0,0
2018-11-15,Portugal,D,11,MQL,3,0,0,3,2018-11-27 05:43:19.000,0.00,0.00,7820,1145,419,156,3,1,5,0,0
2018-11-16,Brasil,A,11,MQL,15,8,1,15,2018-11-29 08:21:04.000,0.53,0.13,8066,1168,426,2045,636,234,68,21,7
2018-11-16,Brasil,B,11,MQL,32,7,2,32,2018-11-29 12:03:25.000,0.22,0.29,8066,1168,426,2726,763,281,90,25,9
2018-11-16,Brasil,C,11,MQL,17,6,2,17,2018-11-27 02:25:55.000,0.35,0.33,8066,1168,426,3408,1018,375,113,33,12
2018-11-16,Brasil,D,11,HR,1,0,0,1,2018-11-16 09:25:20.000,0.00,0.00,8066,1168,426,5452,128,47,181,4,1
2018-11-16,Brasil,D,11,MQL,111,0,0,111,2018-11-30 08:33:26.000,0.00,0.00,8066,1168,426,5452,128,47,181,4,1
2018-11-16,Latam,A,11,MQL,2,0,0,2,2018-11-22 14:27:43.000,0.00,0.00,8066,1168,426,902,157,81,30,5,2
2018-11-16,Latam,B,11,MQL,8,0,0,8,2018-11-29 17:27:13.000,0.00,0.00,8066,1168,426,1203,188,97,40,6,3
2018-11-16,Latam,C,11,MQL,8,1,1,8,2018-11-16 21:51:20.000,0.13,1.00,8066,1168,426,1503,250,129,50,8,4
2018-11-16,Latam,D,11,HR,1,0,0,1,2018-11-16 03:09:31.000,0.00,0.00,8066,1168,426,2405,32,17,80,1,0
2018-11-16,Latam,D,11,MQL,31,0,0,31,2018-11-30 20:30:10.000,0.00,0.00,8066,1168,426,2405,32,17,80,1,0
2018-11-16,Partners,A,11,MQL,1,0,0,1,2018-11-16 08:48:47.000,0.00,0.00,8066,1168,426,487,20,8,16,0,0
2018-11-16,Partners,B,11,MQL,4,0,0,4,2018-11-28 08:16:00.000,0.00,0.00,8066,1168,426,649,24,9,21,0,0
2018-11-16,Partners,C,11,MQL,4,1,1,4,2018-11-29 14:04:16.000,0.25,1.00,8066,1168,426,811,32,12,27,1,0
2018-11-16,Partners,D,11,HR,1,0,0,1,2018-11-18 08:35:12.000,0.00,0.00,8066,1168,426,1298,4,2,43,0,0
2018-11-16,Partners,D,11,MQL,8,0,0,8,2018-11-27 06:39:40.000,0.00,0.00,8066,1168,426,1298,4,2,43,0,0
2018-11-16,Portugal,A,11,MQL,1,0,0,1,2018-11-16 07:21:25.000,0.00,0.00,8066,1168,426,59,11,3,1,0,0
2018-11-16,Portugal,D,11,MQL,1,0,0,1,2018-11-17 14:09:38.000,0.00,0.00,8066,1168,426,156,3,1,5,0,0
2018-11-17,Brasil,A,11,HR,1,1,0,1,2018-11-21 19:25:28.000,1.00,0.00,8165,1178,428,2045,636,234,68,21,7
2018-11-17,Brasil,A,11,MQL,5,0,0,5,2018-11-29 17:39:05.000,0.00,0.00,8165,1178,428,2045,636,234,68,21,7
2018-11-17,Brasil,B,11,HR,1,1,0,1,2018-11-23 15:52:54.000,1.00,0.00,8165,1178,428,2726,763,281,90,25,9
2018-11-17,Brasil,B,11,MQL,12,5,1,12,2018-11-26 05:02:54.000,0.42,0.20,8165,1178,428,2726,763,281,90,25,9
2018-11-17,Brasil,C,11,MQL,6,1,0,6,2018-11-29 08:58:23.000,0.17,0.00,8165,1178,428,3408,1018,375,113,33,12
2018-11-17,Brasil,D,11,HR,1,0,0,1,2018-11-17 12:16:01.000,0.00,0.00,8165,1178,428,5452,128,47,181,4,1
2018-11-17,Brasil,D,11,MQL,50,1,0,50,2018-11-29 20:51:10.000,0.02,0.00,8165,1178,428,5452,128,47,181,4,1
2018-11-17,Latam,B,11,MQL,2,1,1,2,2018-11-20 00:04:54.000,0.50,1.00,8165,1178,428,1203,188,97,40,6,3
2018-11-17,Latam,C,11,MQL,1,0,0,1,2018-11-17 07:09:46.000,0.00,0.00,8165,1178,428,1503,250,129,50,8,4
2018-11-17,Latam,D,11,MQL,13,0,0,13,2018-11-22 11:46:16.000,0.00,0.00,8165,1178,428,2405,32,17,80,1,0
2018-11-17,Partners,B,11,MQL,1,0,0,1,2018-11-19 20:58:36.000,0.00,0.00,8165,1178,428,649,24,9,21,0,0
2018-11-17,Partners,D,11,MQL,6,0,0,6,2018-11-28 09:08:10.000,0.00,0.00,8165,1178,428,1298,4,2,43,0,0
2018-11-18,Brasil,A,11,MQL,7,4,1,7,2018-11-29 15:03:50.000,0.57,0.25,8256,1186,432,2045,636,234,68,21,7
2018-11-18,Brasil,B,11,MQL,9,1,0,9,2018-11-29 10:19:11.000,0.11,0.00,8256,1186,432,2726,763,281,90,25,9
2018-11-18,Brasil,C,11,MQL,6,3,3,6,2018-11-27 08:23:36.000,0.50,1.00,8256,1186,432,3408,1018,375,113,33,12
2018-11-18,Brasil,D,11,HR,2,0,0,2,2018-11-19 08:58:54.000,0.00,0.00,8256,1186,432,5452,128,47,181,4,1
2018-11-18,Brasil,D,11,MQL,39,0,0,39,2018-11-30 11:56:31.000,0.00,0.00,8256,1186,432,5452,128,47,181,4,1
2018-11-18,Latam,A,11,MQL,1,0,0,1,2018-11-22 09:51:01.000,0.00,0.00,8256,1186,432,902,157,81,30,5,2
2018-11-18,Latam,B,11,MQL,1,0,0,1,2018-11-18 08:37:09.000,0.00,0.00,8256,1186,432,1203,188,97,40,6,3
2018-11-18,Latam,C,11,MQL,2,0,0,2,2018-11-18 21:12:31.000,0.00,0.00,8256,1186,432,1503,250,129,50,8,4
2018-11-18,Latam,D,11,MQL,15,0,0,15,2018-11-30 19:57:41.000,0.00,0.00,8256,1186,432,2405,32,17,80,1,0
2018-11-18,Partners,A,11,MQL,1,0,0,1,2018-11-21 06:02:18.000,0.00,0.00,8256,1186,432,487,20,8,16,0,0
2018-11-18,Partners,C,11,MQL,4,0,0,4,2018-11-18 21:46:14.000,0.00,0.00,8256,1186,432,811,32,12,27,1,0
2018-11-18,Partners,D,11,MQL,2,0,0,2,2018-11-18 13:55:41.000,0.00,0.00,8256,1186,432,1298,4,2,43,0,0
2018-11-18,Portugal,B,11,MQL,1,0,0,1,2018-11-18 18:51:55.000,0.00,0.00,8256,1186,432,78,13,4,2,0,0
2018-11-18,Portugal,D,11,MQL,1,0,0,1,2018-11-21 17:56:09.000,0.00,0.00,8256,1186,432,156,3,1,5,0,0
2018-11-19,Brasil,A,11,MQL,71,39,10,71,2018-11-29 12:34:04.000,0.55,0.26,8890,1320,467,2045,636,234,68,21,7
2018-11-19,Brasil,B,11,MQL,121,51,10,121,2018-11-30 09:01:20.000,0.42,0.20,8890,1320,467,2726,763,281,90,25,9
2018-11-19,Brasil,C,11,MQL,70,34,13,70,2018-11-29 10:38:57.000,0.49,0.38,8890,1320,467,3408,1018,375,113,33,12
2018-11-19,Brasil,D,11,HR,1,0,0,1,2018-11-19 06:36:53.000,0.00,0.00,8890,1320,467,5452,128,47,181,4,1
2018-11-19,Brasil,D,11,MQL,265,2,0,265,2018-11-30 07:10:06.000,0.01,0.00,8890,1320,467,5452,128,47,181,4,1
2018-11-19,Latam,A,11,HR,2,2,2,2,2018-11-19 09:38:56.000,1.00,1.00,8890,1320,467,902,157,81,30,5,2
2018-11-19,Latam,A,11,MQL,3,1,0,3,2018-11-19 19:33:38.000,0.33,0.00,8890,1320,467,902,157,81,30,5,2
2018-11-19,Latam,B,11,HR,1,0,0,1,2018-11-19 23:31:33.000,0.00,0.00,8890,1320,467,1203,188,97,40,6,3
2018-11-19,Latam,B,11,MQL,4,1,0,4,2018-11-27 07:57:51.000,0.25,0.00,8890,1320,467,1203,188,97,40,6,3
2018-11-19,Latam,C,11,HR,1,0,0,1,2018-11-19 08:34:54.000,0.00,0.00,8890,1320,467,1503,250,129,50,8,4
2018-11-19,Latam,C,11,MQL,3,0,0,3,2018-11-29 16:15:20.000,0.00,0.00,8890,1320,467,1503,250,129,50,8,4
2018-11-19,Latam,D,11,HR,3,2,0,3,2018-11-19 10:08:29.000,0.67,0.00,8890,1320,467,2405,32,17,80,1,0
2018-11-19,Latam,D,11,MQL,22,0,0,22,2018-11-30 14:45:15.000,0.00,0.00,8890,1320,467,2405,32,17,80,1,0
2018-11-19,Partners,A,11,MQL,6,2,0,6,2018-11-23 07:00:17.000,0.33,0.00,8890,1320,467,487,20,8,16,0,0
2018-11-19,Partners,B,11,MQL,8,0,0,8,2018-11-29 09:10:41.000,0.00,0.00,8890,1320,467,649,24,9,21,0,0
2018-11-19,Partners,C,11,MQL,14,0,0,14,2018-11-28 13:20:48.000,0.00,0.00,8890,1320,467,811,32,12,27,1,0
2018-11-19,Partners,D,11,MQL,36,0,0,36,2018-11-30 06:59:26.000,0.00,0.00,8890,1320,467,1298,4,2,43,0,0
2018-11-19,Portugal,D,11,MQL,3,0,0,3,2018-11-21 05:26:32.000,0.00,0.00,8890,1320,467,156,3,1,5,0,0
2018-11-20,Brasil,A,11,MQL,111,50,7,111,2018-11-29 09:05:43.000,0.45,0.14,9753,1466,515,2045,636,234,68,21,7
2018-11-20,Brasil,B,11,MQL,102,47,14,102,2018-11-30 07:08:22.000,0.46,0.30,9753,1466,515,2726,763,281,90,25,9
2018-11-20,Brasil,C,11,MQL,74,40,20,74,2018-11-30 11:18:46.000,0.54,0.50,9753,1466,515,3408,1018,375,113,33,12
2018-11-20,Brasil,D,11,MQL,391,0,0,391,2018-11-30 12:53:30.000,0.00,0.00,9753,1466,515,5452,128,47,181,4,1
2018-11-20,Latam,A,11,MQL,6,1,0,6,2018-11-20 20:25:18.000,0.17,0.00,9753,1466,515,902,157,81,30,5,2
2018-11-20,Latam,B,11,MQL,8,0,0,8,2018-11-20 14:50:57.000,0.00,0.00,9753,1466,515,1203,188,97,40,6,3
2018-11-20,Latam,C,11,HR,1,1,1,1,2018-11-26 16:01:29.000,1.00,1.00,9753,1466,515,1503,250,129,50,8,4
2018-11-20,Latam,C,11,MQL,6,4,4,6,2018-11-27 10:04:48.000,0.67,1.00,9753,1466,515,1503,250,129,50,8,4
2018-11-20,Latam,D,11,HR,3,1,0,3,2018-11-28 07:26:50.000,0.33,0.00,9753,1466,515,2405,32,17,80,1,0
2018-11-20,Latam,D,11,MQL,69,0,0,69,2018-11-29 13:48:00.000,0.00,0.00,9753,1466,515,2405,32,17,80,1,0
2018-11-20,Partners,A,11,HR,1,0,0,1,2018-11-20 09:25:36.000,0.00,0.00,9753,1466,515,487,20,8,16,0,0
2018-11-20,Partners,A,11,MQL,5,0,0,5,2018-11-27 06:36:10.000,0.00,0.00,9753,1466,515,487,20,8,16,0,0
2018-11-20,Partners,B,11,MQL,7,0,0,7,2018-11-22 11:16:18.000,0.00,0.00,9753,1466,515,649,24,9,21,0,0
2018-11-20,Partners,C,11,MQL,4,0,0,4,2018-11-21 18:32:03.000,0.00,0.00,9753,1466,515,811,32,12,27,1,0
2018-11-20,Partners,D,11,MQL,34,0,0,34,2018-11-30 08:49:54.000,0.00,0.00,9753,1466,515,1298,4,2,43,0,0
2018-11-20,Portugal,A,11,MQL,2,0,0,2,2018-11-20 07:45:02.000,0.00,0.00,9753,1466,515,59,11,3,1,0,0
2018-11-20,Portugal,B,11,MQL,10,1,1,10,2018-11-28 05:56:19.000,0.10,1.00,9753,1466,515,78,13,4,2,0,0
2018-11-20,Portugal,C,11,MQL,8,1,1,8,2018-11-29 05:36:56.000,0.13,1.00,9753,1466,515,98,18,5,3,0,0
2018-11-20,Portugal,D,11,MQL,21,0,0,21,2018-11-27 04:48:37.000,0.00,0.00,9753,1466,515,156,3,1,5,0,0
2018-11-21,Brasil,A,11,MQL,55,21,4,55,2018-11-30 05:51:25.000,0.38,0.19,10123,1527,530,2045,636,234,68,21,7
2018-11-21,Brasil,B,11,MQL,47,17,4,47,2018-11-30 07:15:43.000,0.36,0.24,10123,1527,530,2726,763,281,90,25,9
2018-11-21,Brasil,C,11,MQL,34,19,6,34,2018-11-29 08:45:33.000,0.56,0.32,10123,1527,530,3408,1018,375,113,33,12
2018-11-21,Brasil,D,11,MQL,160,1,0,160,2018-11-30 08:27:17.000,0.01,0.00,10123,1527,530,5452,128,47,181,4,1
2018-11-21,Latam,A,11,HR,2,1,0,2,2018-11-26 10:27:33.000,0.50,0.00,10123,1527,530,902,157,81,30,5,2
2018-11-21,Latam,A,11,MQL,1,0,0,1,2018-11-21 14:32:32.000,0.00,0.00,10123,1527,530,902,157,81,30,5,2
2018-11-21,Latam,B,11,HR,1,1,1,1,2018-11-21 09:48:04.000,1.00,1.00,10123,1527,530,1203,188,97,40,6,3
2018-11-21,Latam,B,11,MQL,5,0,0,5,2018-11-22 21:57:03.000,0.00,0.00,10123,1527,530,1203,188,97,40,6,3
2018-11-21,Latam,C,11,MQL,8,0,0,8,2018-11-29 11:44:30.000,0.00,0.00,10123,1527,530,1503,250,129,50,8,4
2018-11-21,Latam,D,11,HR,2,0,0,2,2018-11-22 09:16:55.000,0.00,0.00,10123,1527,530,2405,32,17,80,1,0
2018-11-21,Latam,D,11,MQL,20,1,0,20,2018-11-22 15:08:47.000,0.05,0.00,10123,1527,530,2405,32,17,80,1,0
2018-11-21,Partners,A,11,MQL,4,0,0,4,2018-11-29 15:31:51.000,0.00,0.00,10123,1527,530,487,20,8,16,0,0
2018-11-21,Partners,B,11,MQL,4,0,0,4,2018-11-30 07:03:14.000,0.00,0.00,10123,1527,530,649,24,9,21,0,0
2018-11-21,Partners,C,11,MQL,4,0,0,4,2018-11-21 23:04:01.000,0.00,0.00,10123,1527,530,811,32,12,27,1,0
2018-11-21,Partners,D,11,MQL,18,0,0,18,2018-11-29 08:25:45.000,0.00,0.00,10123,1527,530,1298,4,2,43,0,0
2018-11-21,Portugal,D,11,MQL,5,0,0,5,2018-11-27 18:03:00.000,0.00,0.00,10123,1527,530,156,3,1,5,0,0
2018-11-22,Brasil,A,11,MQL,73,34,11,73,2018-11-30 08:53:44.000,0.47,0.32,10749,1652,573,2045,636,234,68,21,7
2018-11-22,Brasil,B,11,MQL,79,36,14,79,2018-11-29 14:20:22.000,0.46,0.39,10749,1652,573,2726,763,281,90,25,9
2018-11-22,Brasil,C,11,MQL,59,27,6,59,2018-11-30 05:13:18.000,0.46,0.22,10749,1652,573,3408,1018,375,113,33,12
2018-11-22,Brasil,D,11,MQL,157,2,1,157,2018-11-30 19:38:49.000,0.01,0.50,10749,1652,573,5452,128,47,181,4,1
2018-11-22,Latam,A,11,MQL,23,5,1,23,2018-11-29 19:18:41.000,0.22,0.20,10749,1652,573,902,157,81,30,5,2
2018-11-22,Latam,B,11,HR,2,2,1,2,2018-11-22 16:06:26.000,1.00,0.50,10749,1652,573,1203,188,97,40,6,3
2018-11-22,Latam,B,11,MQL,52,9,6,52,2018-11-29 13:56:40.000,0.17,0.67,10749,1652,573,1203,188,97,40,6,3
2018-11-22,Latam,C,11,MQL,29,5,2,29,2018-11-29 09:25:10.000,0.17,0.40,10749,1652,573,1503,250,129,50,8,4
2018-11-22,Latam,D,11,HR,2,0,0,2,2018-11-24 13:24:55.000,0.00,0.00,10749,1652,573,2405,32,17,80,1,0
2018-11-22,Latam,D,11,MQL,123,4,1,123,2018-11-30 10:37:56.000,0.03,0.25,10749,1652,573,2405,32,17,80,1,0
2018-11-22,Partners,A,11,MQL,5,1,0,5,2018-11-27 10:05:19.000,0.20,0.00,10749,1652,573,487,20,8,16,0,0
2018-11-22,Partners,B,11,MQL,4,0,0,4,2018-11-22 13:26:19.000,0.00,0.00,10749,1652,573,649,24,9,21,0,0
2018-11-22,Partners,C,11,MQL,3,0,0,3,2018-11-30 16:27:05.000,0.00,0.00,10749,1652,573,811,32,12,27,1,0
2018-11-22,Partners,D,11,MQL,10,0,0,10,2018-11-27 14:22:53.000,0.00,0.00,10749,1652,573,1298,4,2,43,0,0
2018-11-22,Portugal,A,11,MQL,2,0,0,2,2018-11-30 09:00:49.000,0.00,0.00,10749,1652,573,59,11,3,1,0,0
2018-11-22,Portugal,B,11,MQL,1,0,0,1,2018-11-27 05:08:43.000,0.00,0.00,10749,1652,573,78,13,4,2,0,0
2018-11-22,Portugal,D,11,HR,1,0,0,1,2018-11-26 05:02:19.000,0.00,0.00,10749,1652,573,156,3,1,5,0,0
2018-11-22,Portugal,D,11,MQL,1,0,0,1,2018-11-22 03:48:41.000,0.00,0.00,10749,1652,573,156,3,1,5,0,0
2018-11-23,Brasil,A,11,MQL,18,6,2,18,2018-11-29 15:51:03.000,0.33,0.33,10932,1682,584,2045,636,234,68,21,7
2018-11-23,Brasil,B,11,MQL,27,11,5,27,2018-11-30 13:01:16.000,0.41,0.45,10932,1682,584,2726,763,281,90,25,9
2018-11-23,Brasil,C,11,MQL,12,6,2,12,2018-11-30 07:05:55.000,0.50,0.33,10932,1682,584,3408,1018,375,113,33,12
2018-11-23,Brasil,D,11,MQL,62,0,0,62,2018-11-30 09:09:10.000,0.00,0.00,10932,1682,584,5452,128,47,181,4,1
2018-11-23,Latam,A,11,MQL,5,2,0,5,2018-11-23 16:38:49.000,0.40,0.00,10932,1682,584,902,157,81,30,5,2
2018-11-23,Latam,B,11,MQL,10,1,1,10,2018-11-29 10:44:01.000,0.10,1.00,10932,1682,584,1203,188,97,40,6,3
2018-11-23,Latam,C,11,MQL,9,0,0,9,2018-11-29 15:57:44.000,0.00,0.00,10932,1682,584,1503,250,129,50,8,4
2018-11-23,Latam,D,11,HR,1,1,0,1,2018-11-23 19:57:25.000,1.00,0.00,10932,1682,584,2405,32,17,80,1,0
2018-11-23,Latam,D,11,MQL,19,2,1,19,2018-11-29 14:47:31.000,0.11,0.50,10932,1682,584,2405,32,17,80,1,0
2018-11-23,Partners,A,11,MQL,1,0,0,1,2018-11-23 11:42:01.000,0.00,0.00,10932,1682,584,487,20,8,16,0,0
2018-11-23,Partners,B,11,MQL,2,1,0,2,2018-11-29 11:02:11.000,0.50,0.00,10932,1682,584,649,24,9,21,0,0
2018-11-23,Partners,C,11,MQL,4,0,0,4,2018-11-23 17:14:13.000,0.00,0.00,10932,1682,584,811,32,12,27,1,0
2018-11-23,Partners,D,11,MQL,11,0,0,11,2018-11-29 08:18:41.000,0.00,0.00,10932,1682,584,1298,4,2,43,0,0
2018-11-23,Portugal,C,11,MQL,1,0,0,1,2018-11-23 13:35:37.000,0.00,0.00,10932,1682,584,98,18,5,3,0,0
2018-11-23,Portugal,D,11,MQL,1,0,0,1,2018-11-23 13:01:38.000,0.00,0.00,10932,1682,584,156,3,1,5,0,0
2018-11-24,Brasil,A,11,MQL,9,4,0,9,2018-11-27 07:14:53.000,0.44,0.00,11017,1694,586,2045,636,234,68,21,7
2018-11-24,Brasil,B,11,MQL,8,3,1,8,2018-11-28 16:28:07.000,0.38,0.33,11017,1694,586,2726,763,281,90,25,9
2018-11-24,Brasil,C,11,MQL,3,2,0,3,2018-11-27 05:48:29.000,0.67,0.00,11017,1694,586,3408,1018,375,113,33,12
2018-11-24,Brasil,D,11,HR,1,0,0,1,2018-11-26 14:06:12.000,0.00,0.00,11017,1694,586,5452,128,47,181,4,1
2018-11-24,Brasil,D,11,MQL,28,0,0,28,2018-11-30 19:28:30.000,0.00,0.00,11017,1694,586,5452,128,47,181,4,1
2018-11-24,Latam,A,11,MQL,2,0,0,2,2018-11-29 09:18:54.000,0.00,0.00,11017,1694,586,902,157,81,30,5,2
2018-11-24,Latam,B,11,MQL,4,2,0,4,2018-11-29 22:05:10.000,0.50,0.00,11017,1694,586,1203,188,97,40,6,3
2018-11-24,Latam,C,11,MQL,3,1,1,3,2018-11-29 14:26:53.000,0.33,1.00,11017,1694,586,1503,250,129,50,8,4
2018-11-24,Latam,D,11,MQL,21,0,0,21,2018-11-30 10:10:56.000,0.00,0.00,11017,1694,586,2405,32,17,80,1,0
2018-11-24,Partners,B,11,MQL,1,0,0,1,2018-11-24 11:39:22.000,0.00,0.00,11017,1694,586,649,24,9,21,0,0
2018-11-24,Partners,C,11,MQL,1,0,0,1,2018-11-24 12:04:17.000,0.00,0.00,11017,1694,586,811,32,12,27,1,0
2018-11-24,Partners,D,11,MQL,4,0,0,4,2018-11-30 06:27:22.000,0.00,0.00,11017,1694,586,1298,4,2,43,0,0
2018-11-25,Brasil,A,11,MQL,5,2,0,5,2018-11-27 15:30:04.000,0.40,0.00,11093,1703,590,2045,636,234,68,21,7
2018-11-25,Brasil,B,11,MQL,7,4,2,7,2018-11-29 05:20:43.000,0.57,0.50,11093,1703,590,2726,763,281,90,25,9
2018-11-25,Brasil,C,11,MQL,4,2,1,4,2018-11-27 06:59:20.000,0.50,0.50,11093,1703,590,3408,1018,375,113,33,12
2018-11-25,Brasil,D,11,MQL,40,0,0,40,2018-11-29 08:43:23.000,0.00,0.00,11093,1703,590,5452,128,47,181,4,1
2018-11-25,Latam,B,11,MQL,5,1,1,5,2018-11-26 09:10:26.000,0.20,1.00,11093,1703,590,1203,188,97,40,6,3
2018-11-25,Latam,D,11,HR,1,0,0,1,2018-11-26 07:06:04.000,0.00,0.00,11093,1703,590,2405,32,17,80,1,0
2018-11-25,Latam,D,11,MQL,11,0,0,11,2018-11-30 03:24:15.000,0.00,0.00,11093,1703,590,2405,32,17,80,1,0
2018-11-25,Partners,C,11,MQL,1,0,0,1,2018-11-25 17:27:48.000,0.00,0.00,11093,1703,590,811,32,12,27,1,0
2018-11-25,Partners,D,11,MQL,2,0,0,2,2018-11-30 06:02:29.000,0.00,0.00,11093,1703,590,1298,4,2,43,0,0
2018-11-26,Brasil,A,11,MQL,24,11,1,24,2018-11-29 11:18:26.000,0.46,0.09,11324,1740,600,2045,636,234,68,21,7
2018-11-26,Brasil,B,11,MQL,35,9,3,35,2018-11-30 07:44:22.000,0.26,0.33,11324,1740,600,2726,763,281,90,25,9
2018-11-26,Brasil,C,11,MQL,28,15,5,28,2018-11-30 07:47:21.000,0.54,0.33,11324,1740,600,3408,1018,375,113,33,12
2018-11-26,Brasil,D,11,MQL,92,0,0,92,2018-11-30 05:39:45.000,0.00,0.00,11324,1740,600,5452,128,47,181,4,1
2018-11-26,Latam,B,11,MQL,1,0,0,1,2018-11-26 08:33:10.000,0.00,0.00,11324,1740,600,1203,188,97,40,6,3
2018-11-26,Latam,C,11,HR,1,0,0,1,2018-11-26 15:13:55.000,0.00,0.00,11324,1740,600,1503,250,129,50,8,4
2018-11-26,Latam,C,11,MQL,3,1,1,3,2018-11-29 17:37:54.000,0.33,1.00,11324,1740,600,1503,250,129,50,8,4
2018-11-26,Latam,D,11,HR,1,0,0,1,2018-11-26 13:42:17.000,0.00,0.00,11324,1740,600,2405,32,17,80,1,0
2018-11-26,Latam,D,11,MQL,21,1,0,21,2018-11-30 16:27:05.000,0.05,0.00,11324,1740,600,2405,32,17,80,1,0
2018-11-26,Partners,A,11,MQL,3,0,0,3,2018-11-26 13:18:34.000,0.00,0.00,11324,1740,600,487,20,8,16,0,0
2018-11-26,Partners,B,11,MQL,5,0,0,5,2018-11-27 11:28:58.000,0.00,0.00,11324,1740,600,649,24,9,21,0,0
2018-11-26,Partners,C,11,MQL,3,0,0,3,2018-11-30 11:42:20.000,0.00,0.00,11324,1740,600,811,32,12,27,1,0
2018-11-26,Partners,D,11,MQL,11,0,0,11,2018-11-29 12:33:14.000,0.00,0.00,11324,1740,600,1298,4,2,43,0,0
2018-11-26,Portugal,C,11,MQL,1,0,0,1,2018-11-26 08:03:48.000,0.00,0.00,11324,1740,600,98,18,5,3,0,0
2018-11-26,Portugal,D,11,MQL,2,0,0,2,2018-11-28 15:08:28.000,0.00,0.00,11324,1740,600,156,3,1,5,0,0
2018-11-27,Brasil,A,11,MQL,58,16,4,58,2018-11-30 07:17:13.000,0.28,0.25,12067,1830,638,2045,636,234,68,21,7
2018-11-27,Brasil,B,11,HR,1,1,0,1,2018-11-28 10:20:20.000,1.00,0.00,12067,1830,638,2726,763,281,90,25,9
2018-11-27,Brasil,B,11,MQL,87,34,15,87,2018-11-30 20:10:02.000,0.39,0.44,12067,1830,638,2726,763,281,90,25,9
2018-11-27,Brasil,C,11,MQL,54,28,12,54,2018-11-30 08:07:28.000,0.52,0.43,12067,1830,638,3408,1018,375,113,33,12
2018-11-27,Brasil,D,11,MQL,254,0,0,254,2018-11-30 20:02:34.000,0.00,0.00,12067,1830,638,5452,128,47,181,4,1
2018-11-27,Latam,A,11,MQL,11,3,3,11,2018-11-29 10:38:37.000,0.27,1.00,12067,1830,638,902,157,81,30,5,2
2018-11-27,Latam,B,11,MQL,23,3,1,23,2018-11-29 17:58:55.000,0.13,0.33,12067,1830,638,1203,188,97,40,6,3
2018-11-27,Latam,C,11,MQL,21,1,0,21,2018-11-27 18:37:35.000,0.05,0.00,12067,1830,638,1503,250,129,50,8,4
2018-11-27,Latam,D,11,MQL,149,3,2,149,2018-11-30 03:37:28.000,0.02,0.67,12067,1830,638,2405,32,17,80,1,0
2018-11-27,Partners,A,11,MQL,2,0,0,2,2018-11-27 11:46:01.000,0.00,0.00,12067,1830,638,487,20,8,16,0,0
2018-11-27,Partners,B,11,MQL,11,0,0,11,2018-11-29 12:44:58.000,0.00,0.00,12067,1830,638,649,24,9,21,0,0
2018-11-27,Partners,C,11,MQL,3,0,0,3,2018-11-27 13:22:20.000,0.00,0.00,12067,1830,638,811,32,12,27,1,0
2018-11-27,Partners,D,11,MQL,19,0,0,19,2018-11-29 10:26:50.000,0.00,0.00,12067,1830,638,1298,4,2,43,0,0
2018-11-27,Portugal,A,11,MQL,9,0,0,9,2018-11-27 06:23:38.000,0.00,0.00,12067,1830,638,59,11,3,1,0,0
2018-11-27,Portugal,B,11,MQL,13,1,1,13,2018-11-27 13:51:31.000,0.08,1.00,12067,1830,638,78,13,4,2,0,0
2018-11-27,Portugal,C,11,MQL,5,0,0,5,2018-11-27 10:09:56.000,0.00,0.00,12067,1830,638,98,18,5,3,0,0
2018-11-27,Portugal,D,11,MQL,23,0,0,23,2018-11-27 15:19:42.000,0.00,0.00,12067,1830,638,156,3,1,5,0,0
2018-11-28,Brasil,A,11,MQL,24,6,1,24,2018-11-29 22:09:09.000,0.25,0.17,12355,1865,647,2045,636,234,68,21,7
2018-11-28,Brasil,B,11,MQL,23,7,2,23,2018-11-29 10:37:11.000,0.30,0.29,12355,1865,647,2726,763,281,90,25,9
2018-11-28,Brasil,C,11,MQL,23,12,1,23,2018-11-30 16:09:16.000,0.52,0.08,12355,1865,647,3408,1018,375,113,33,12
2018-11-28,Brasil,D,11,MQL,94,0,0,94,2018-11-30 08:13:45.000,0.00,0.00,12355,1865,647,5452,128,47,181,4,1
2018-11-28,Latam,A,11,MQL,10,3,2,10,2018-11-29 15:58:29.000,0.30,0.67,12355,1865,647,902,157,81,30,5,2
2018-11-28,Latam,B,11,HR,2,1,1,2,2018-11-30 09:03:42.000,0.50,1.00,12355,1865,647,1203,188,97,40,6,3
2018-11-28,Latam,B,11,MQL,15,2,0,15,2018-11-29 18:28:15.000,0.13,0.00,12355,1865,647,1203,188,97,40,6,3
2018-11-28,Latam,C,11,HR,1,1,1,1,2018-11-30 14:41:04.000,1.00,1.00,12355,1865,647,1503,250,129,50,8,4
2018-11-28,Latam,C,11,MQL,9,3,1,9,2018-11-29 13:01:18.000,0.33,0.33,12355,1865,647,1503,250,129,50,8,4
2018-11-28,Latam,D,11,MQL,53,0,0,53,2018-11-30 16:22:50.000,0.00,0.00,12355,1865,647,2405,32,17,80,1,0
2018-11-28,Partners,A,11,MQL,2,0,0,2,2018-11-28 17:06:24.000,0.00,0.00,12355,1865,647,487,20,8,16,0,0
2018-11-28,Partners,B,11,MQL,2,0,0,2,2018-11-28 13:26:06.000,0.00,0.00,12355,1865,647,649,24,9,21,0,0
2018-11-28,Partners,C,11,MQL,7,0,0,7,2018-11-28 20:55:09.000,0.00,0.00,12355,1865,647,811,32,12,27,1,0
2018-11-28,Partners,D,11,MQL,19,0,0,19,2018-11-30 09:18:18.000,0.00,0.00,12355,1865,647,1298,4,2,43,0,0
2018-11-28,Portugal,B,11,MQL,1,0,0,1,2018-11-28 11:40:24.000,0.00,0.00,12355,1865,647,78,13,4,2,0,0
2018-11-28,Portugal,C,11,MQL,2,0,0,2,2018-11-28 10:50:46.000,0.00,0.00,12355,1865,647,98,18,5,3,0,0
2018-11-28,Portugal,D,11,MQL,1,0,0,1,2018-11-28 12:05:48.000,0.00,0.00,12355,1865,647,156,3,1,5,0,0
2018-11-29,Brasil,A,11,MQL,96,33,8,96,2018-11-30 14:47:33.000,0.34,0.24,13153,2006,700,2045,636,234,68,21,7
2018-11-29,Brasil,B,11,HR,1,0,0,1,2018-11-29 08:55:57.000,0.00,0.00,13153,2006,700,2726,763,281,90,25,9
2018-11-29,Brasil,B,11,MQL,92,44,18,92,2018-11-29 21:54:59.000,0.48,0.41,13153,2006,700,2726,763,281,90,25,9
2018-11-29,Brasil,C,11,MQL,59,31,9,59,2018-11-30 07:48:27.000,0.53,0.29,13153,2006,700,3408,1018,375,113,33,12
2018-11-29,Brasil,D,11,MQL,272,0,0,272,2018-11-30 18:39:57.000,0.00,0.00,13153,2006,700,5452,128,47,181,4,1
2018-11-29,Latam,A,11,HR,1,1,1,1,2018-11-29 13:02:12.000,1.00,1.00,13153,2006,700,902,157,81,30,5,2
2018-11-29,Latam,A,11,MQL,20,6,5,20,2018-11-29 18:28:26.000,0.30,0.83,13153,2006,700,902,157,81,30,5,2
2018-11-29,Latam,B,11,HR,1,1,0,1,2018-11-29 20:52:35.000,1.00,0.00,13153,2006,700,1203,188,97,40,6,3
2018-11-29,Latam,B,11,MQL,39,16,8,39,2018-11-30 16:49:30.000,0.41,0.50,13153,2006,700,1203,188,97,40,6,3
2018-11-29,Latam,C,11,MQL,33,5,3,33,2018-11-29 20:08:13.000,0.15,0.60,13153,2006,700,1503,250,129,50,8,4
2018-11-29,Latam,D,11,MQL,133,3,0,133,2018-11-29 22:25:59.000,0.02,0.00,13153,2006,700,2405,32,17,80,1,0
2018-11-29,Partners,A,11,MQL,4,0,0,4,2018-11-29 14:43:45.000,0.00,0.00,13153,2006,700,487,20,8,16,0,0
2018-11-29,Partners,B,11,MQL,10,0,0,10,2018-11-29 19:36:13.000,0.00,0.00,13153,2006,700,649,24,9,21,0,0
2018-11-29,Partners,C,11,MQL,9,0,0,9,2018-11-30 05:20:02.000,0.00,0.00,13153,2006,700,811,32,12,27,1,0
2018-11-29,Partners,D,11,MQL,21,1,1,21,2018-11-30 12:52:57.000,0.05,1.00,13153,2006,700,1298,4,2,43,0,0
2018-11-29,Portugal,B,11,MQL,4,0,0,4,2018-11-29 10:07:26.000,0.00,0.00,13153,2006,700,78,13,4,2,0,0
2018-11-29,Portugal,D,11,MQL,3,0,0,3,2018-11-29 11:30:15.000,0.00,0.00,13153,2006,700,156,3,1,5,0,0
2018-11-30,Brasil,A,11,MQL,16,4,0,16,2018-11-30 21:22:54.000,0.25,0.00,13375,2038,713,2045,636,234,68,21,7
2018-11-30,Brasil,B,11,MQL,25,11,6,25,2018-12-05 05:29:43.000,0.44,0.55,13375,2038,713,2726,763,281,90,25,9
2018-11-30,Brasil,C,11,MQL,18,7,2,18,2018-11-30 14:47:29.000,0.39,0.29,13375,2038,713,3408,1018,375,113,33,12
2018-11-30,Brasil,D,11,MQL,74,1,0,74,2018-12-06 10:12:48.000,0.01,0.00,13375,2038,713,5452,128,47,181,4,1
2018-11-30,Latam,A,11,MQL,6,3,1,6,2018-12-11 22:43:44.000,0.50,0.33,13375,2038,713,902,157,81,30,5,2
2018-11-30,Latam,B,11,MQL,6,1,1,6,2018-11-30 18:58:49.000,0.17,1.00,13375,2038,713,1203,188,97,40,6,3
2018-11-30,Latam,C,11,MQL,7,2,1,7,2018-11-30 16:04:21.000,0.29,0.50,13375,2038,713,1503,250,129,50,8,4
2018-11-30,Latam,D,11,MQL,44,2,2,44,2018-12-15 17:27:18.000,0.05,1.00,13375,2038,713,2405,32,17,80,1,0
2018-11-30,Partners,A,11,MQL,2,0,0,2,2018-11-30 11:13:56.000,0.00,0.00,13375,2038,713,487,20,8,16,0,0
2018-11-30,Partners,B,11,MQL,7,0,0,7,2018-11-30 18:26:22.000,0.00,0.00,13375,2038,713,649,24,9,21,0,0
2018-11-30,Partners,C,11,MQL,3,1,0,3,2018-11-30 08:42:51.000,0.33,0.00,13375,2038,713,811,32,12,27,1,0
2018-11-30,Partners,D,11,MQL,14,0,0,14,2018-12-14 21:00:00.000,0.00,0.00,13375,2038,713,1298,4,2,43,0,0
2018-12-01,Brasil,A,12,MQL,7,4,0,7,2018-12-14 13:00:08.000,0.57,0.00,167,24,5,1840,572,210,61,19,7
2018-12-01,Brasil,B,12,MQL,12,7,0,12,2018-12-15 02:31:31.000,0.58,0.00,167,24,5,2453,686,252,81,22,8
2018-12-01,Brasil,C,12,MQL,11,6,2,11,2018-12-14 21:00:00.000,0.55,0.33,167,24,5,3067,916,337,102,30,11
2018-12-01,Brasil,D,12,MQL,69,0,0,69,2018-12-14 21:00:00.000,0.00,0.00,167,24,5,4906,115,42,163,3,1
2018-12-01,Latam,A,12,MQL,4,2,1,4,2018-12-14 21:00:00.000,0.50,0.50,167,24,5,811,141,72,27,4,2
2018-12-01,Latam,B,12,HR,2,1,1,2,2018-12-13 12:11:02.000,0.50,1.00,167,24,5,1082,169,87,36,5,2
2018-12-01,Latam,B,12,MQL,4,1,1,4,2018-12-14 21:00:00.000,0.25,1.00,167,24,5,1082,169,87,36,5,2
2018-12-01,Latam,C,12,HR,1,0,0,1,2018-12-11 12:57:07.000,0.00,0.00,167,24,5,1352,225,116,45,7,3
2018-12-01,Latam,C,12,MQL,1,1,0,1,2018-12-10 10:07:42.000,1.00,0.00,167,24,5,1352,225,116,45,7,3
2018-12-01,Latam,D,12,HR,2,0,0,2,2018-12-14 21:00:00.000,0.00,0.00,167,24,5,2164,28,15,72,0,0
2018-12-01,Latam,D,12,MQL,32,2,0,32,2018-12-14 21:00:00.000,0.06,0.00,167,24,5,2164,28,15,72,0,0
2018-12-01,Partners,A,12,MQL,1,0,0,1,2018-12-04 11:06:48.000,0.00,0.00,167,24,5,438,18,7,14,0,0
2018-12-01,Partners,B,12,MQL,5,0,0,5,2018-12-13 08:49:19.000,0.00,0.00,167,24,5,584,21,8,19,0,0
2018-12-01,Partners,C,12,MQL,1,0,0,1,2018-12-05 06:54:49.000,0.00,0.00,167,24,5,729,28,10,24,0,0
2018-12-01,Partners,D,12,MQL,10,0,0,10,2018-12-09 05:51:10.000,0.00,0.00,167,24,5,1168,3,1,38,0,0
2018-12-01,Portugal,B,12,MQL,1,0,0,1,2018-12-14 21:00:00.000,0.00,0.00,167,24,5,70,11,3,2,0,0
2018-12-01,Portugal,C,12,MQL,1,0,0,1,2018-12-14 21:00:00.000,0.00,0.00,167,24,5,88,16,4,2,0,0
2018-12-01,Portugal,D,12,MQL,3,0,0,3,2018-12-04 07:15:13.000,0.00,0.00,167,24,5,140,2,0,4,0,0
2018-12-02,Brasil,A,12,MQL,14,8,1,14,2018-12-13 17:05:30.000,0.57,0.13,360,61,14,1840,572,210,61,19,7
2018-12-02,Brasil,B,12,MQL,20,14,6,20,2018-12-14 21:00:00.000,0.70,0.43,360,61,14,2453,686,252,81,22,8
2018-12-02,Brasil,C,12,MQL,7,6,1,7,2018-12-14 21:00:00.000,0.86,0.17,360,61,14,3067,916,337,102,30,11
2018-12-02,Brasil,D,12,HR,2,0,0,2,2018-12-14 21:00:00.000,0.00,0.00,360,61,14,4906,115,42,163,3,1
2018-12-02,Brasil,D,12,MQL,85,0,0,85,2018-12-14 21:00:00.000,0.00,0.00,360,61,14,4906,115,42,163,3,1
2018-12-02,Latam,A,12,MQL,1,1,0,1,2018-12-03 00:20:14.000,1.00,0.00,360,61,14,811,141,72,27,4,2
2018-12-02,Latam,B,12,MQL,4,0,0,4,2018-12-05 16:47:10.000,0.00,0.00,360,61,14,1082,169,87,36,5,2
2018-12-02,Latam,C,12,MQL,2,1,1,2,2018-12-14 21:00:00.000,0.50,1.00,360,61,14,1352,225,116,45,7,3
2018-12-02,Latam,D,12,HR,4,0,0,4,2018-12-14 21:00:00.000,0.00,0.00,360,61,14,2164,28,15,72,0,0
2018-12-02,Latam,D,12,MQL,31,4,0,31,2018-12-14 21:00:00.000,0.13,0.00,360,61,14,2164,28,15,72,0,0
2018-12-02,Partners,A,12,MQL,2,0,0,2,2018-12-02 13:06:49.000,0.00,0.00,360,61,14,438,18,7,14,0,0
2018-12-02,Partners,C,12,MQL,2,2,0,2,2018-12-11 15:16:44.000,1.00,0.00,360,61,14,729,28,10,24,0,0
2018-12-02,Partners,D,12,MQL,14,0,0,14,2018-12-15 12:38:20.000,0.00,0.00,360,61,14,1168,3,1,38,0,0
2018-12-02,Portugal,B,12,MQL,2,1,0,2,2018-12-14 21:00:00.000,0.50,0.00,360,61,14,70,11,3,2,0,0
2018-12-02,Portugal,C,12,MQL,2,0,0,2,2018-12-14 21:00:00.000,0.00,0.00,360,61,14,88,16,4,2,0,0
2018-12-02,Portugal,D,12,MQL,1,0,0,1,2018-12-02 07:00:27.000,0.00,0.00,360,61,14,140,2,0,4,0,0
2018-12-03,Brasil,A,12,MQL,50,18,3,50,2018-12-14 21:00:00.000,0.36,0.17,867,139,39,1840,572,210,61,19,7
2018-12-03,Brasil,B,12,MQL,70,28,11,70,2018-12-14 21:00:00.000,0.40,0.39,867,139,39,2453,686,252,81,22,8
2018-12-03,Brasil,C,12,MQL,38,17,9,38,2018-12-14 21:00:00.000,0.45,0.53,867,139,39,3067,916,337,102,30,11
2018-12-03,Brasil,D,12,MQL,205,3,0,205,2018-12-15 17:37:14.000,0.01,0.00,867,139,39,4906,115,42,163,3,1
2018-12-03,Latam,A,12,HR,1,0,0,1,2018-12-15 08:29:11.000,0.00,0.00,867,139,39,811,141,72,27,4,2
2018-12-03,Latam,A,12,MQL,7,1,0,7,2018-12-14 21:00:00.000,0.14,0.00,867,139,39,811,141,72,27,4,2
2018-12-03,Latam,B,12,MQL,12,3,0,12,2018-12-14 21:00:00.000,0.25,0.00,867,139,39,1082,169,87,36,5,2
2018-12-03,Latam,C,12,MQL,10,3,1,10,2018-12-14 06:43:32.000,0.30,0.33,867,139,39,1352,225,116,45,7,3
2018-12-03,Latam,D,12,HR,4,0,0,4,2018-12-14 21:00:00.000,0.00,0.00,867,139,39,2164,28,15,72,0,0
2018-12-03,Latam,D,12,MQL,44,2,0,44,2018-12-14 21:00:00.000,0.05,0.00,867,139,39,2164,28,15,72,0,0
2018-12-03,Partners,A,12,MQL,7,0,0,7,2018-12-14 21:00:00.000,0.00,0.00,867,139,39,438,18,7,14,0,0
2018-12-03,Partners,B,12,MQL,15,3,1,15,2018-12-15 16:56:44.000,0.20,0.33,867,139,39,584,21,8,19,0,0
2018-12-03,Partners,C,12,MQL,5,0,0,5,2018-12-14 21:00:00.000,0.00,0.00,867,139,39,729,28,10,24,0,0
2018-12-03,Partners,D,12,MQL,33,0,0,33,2018-12-14 21:00:00.000,0.00,0.00,867,139,39,1168,3,1,38,0,0
2018-12-03,Portugal,A,12,MQL,1,0,0,1,2018-12-14 21:00:00.000,0.00,0.00,867,139,39,53,9,2,1,0,0
2018-12-03,Portugal,B,12,MQL,1,0,0,1,2018-12-14 21:00:00.000,0.00,0.00,867,139,39,70,11,3,2,0,0
2018-12-03,Portugal,C,12,MQL,1,0,0,1,2018-12-13 09:56:15.000,0.00,0.00,867,139,39,88,16,4,2,0,0
2018-12-03,Portugal,D,12,MQL,3,0,0,3,2018-12-14 21:00:00.000,0.00,0.00,867,139,39,140,2,0,4,0,0
2018-12-04,Brasil,A,12,HR,4,2,0,4,2018-12-15 19:05:32.000,0.50,0.00,2176,393,111,1840,572,210,61,19,7
2018-12-04,Brasil,A,12,MQL,157,66,10,157,2018-12-14 21:00:00.000,0.42,0.15,2176,393,111,1840,572,210,61,19,7
2018-12-04,Brasil,B,12,MQL,197,79,27,197,2018-12-15 05:29:03.000,0.40,0.34,2176,393,111,2453,686,252,81,22,8
2018-12-04,Brasil,C,12,MQL,103,45,12,103,2018-12-14 21:00:00.000,0.44,0.27,2176,393,111,3067,916,337,102,30,11
2018-12-04,Brasil,D,12,HR,5,0,0,5,2018-12-12 14:00:32.000,0.00,0.00,2176,393,111,4906,115,42,163,3,1
2018-12-04,Brasil,D,12,MQL,377,3,1,377,2018-12-15 17:08:13.000,0.01,0.33,2176,393,111,4906,115,42,163,3,1
2018-12-04,Latam,A,12,HR,1,1,0,1,2018-12-04 11:15:43.000,1.00,0.00,2176,393,111,811,141,72,27,4,2
2018-12-04,Latam,A,12,MQL,34,12,4,34,2018-12-14 21:00:00.000,0.35,0.33,2176,393,111,811,141,72,27,4,2
2018-12-04,Latam,B,12,HR,1,1,1,1,2018-12-14 21:00:00.000,1.00,1.00,2176,393,111,1082,169,87,36,5,2
2018-12-04,Latam,B,12,MQL,66,17,9,66,2018-12-14 21:00:00.000,0.26,0.53,2176,393,111,1082,169,87,36,5,2
2018-12-04,Latam,C,12,MQL,41,13,5,41,2018-12-15 10:40:46.000,0.32,0.38,2176,393,111,1352,225,116,45,7,3
2018-12-04,Latam,D,12,HR,5,2,0,5,2018-12-14 21:00:00.000,0.40,0.00,2176,393,111,2164,28,15,72,0,0
2018-12-04,Latam,D,12,MQL,174,5,1,174,2018-12-14 21:00:00.000,0.03,0.20,2176,393,111,2164,28,15,72,0,0
2018-12-04,Partners,A,12,MQL,15,0,0,15,2018-12-14 21:00:00.000,0.00,0.00,2176,393,111,438,18,7,14,0,0
2018-12-04,Partners,B,12,HR,1,0,0,1,2018-12-10 07:52:47.000,0.00,0.00,2176,393,111,584,21,8,19,0,0
2018-12-04,Partners,B,12,MQL,24,1,1,24,2018-12-14 21:00:00.000,0.04,1.00,2176,393,111,584,21,8,19,0,0
2018-12-04,Partners,C,12,HR,2,1,0,2,2018-12-14 07:01:05.000,0.50,0.00,2176,393,111,729,28,10,24,0,0
2018-12-04,Partners,C,12,MQL,17,1,0,17,2018-12-14 21:00:00.000,0.06,0.00,2176,393,111,729,28,10,24,0,0
2018-12-04,Partners,D,12,HR,4,1,0,4,2018-12-14 07:43:26.000,0.25,0.00,2176,393,111,1168,3,1,38,0,0
2018-12-04,Partners,D,12,MQL,41,2,1,41,2018-12-15 00:27:44.000,0.05,0.50,2176,393,111,1168,3,1,38,0,0
2018-12-04,Portugal,A,12,MQL,2,1,0,2,2018-12-14 21:00:00.000,0.50,0.00,2176,393,111,53,9,2,1,0,0
2018-12-04,Portugal,B,12,MQL,11,0,0,11,2018-12-14 21:00:00.000,0.00,0.00,2176,393,111,70,11,3,2,0,0
2018-12-04,Portugal,C,12,MQL,8,1,0,8,2018-12-14 21:00:00.000,0.13,0.00,2176,393,111,88,16,4,2,0,0
2018-12-04,Portugal,D,12,MQL,19,0,0,19,2018-12-14 21:00:00.000,0.00,0.00,2176,393,111,140,2,0,4,0,0
2018-12-05,Brasil,A,12,MQL,62,19,4,62,2018-12-14 21:00:00.000,0.31,0.21,3609,532,161,1840,572,210,61,19,7
2018-12-05,Brasil,B,12,Chat Online,1,1,0,1,2018-12-05 06:33:48.000,1.00,0.00,3609,532,161,2453,686,252,81,22,8
2018-12-05,Brasil,B,12,MQL,103,45,15,103,2018-12-15 07:30:31.000,0.44,0.33,3609,532,161,2453,686,252,81,22,8
2018-12-05,Brasil,C,12,MQL,63,30,14,63,2018-12-14 21:00:00.000,0.48,0.47,3609,532,161,3067,916,337,102,30,11
2018-12-05,Brasil,D,12,HR,1,0,0,1,2018-12-10 06:15:30.000,0.00,0.00,3609,532,161,4906,115,42,163,3,1
2018-12-05,Brasil,D,12,MQL,212,0,0,212,2018-12-14 21:00:00.000,0.00,0.00,3609,532,161,4906,115,42,163,3,1
2018-12-05,Latam,A,12,MQL,26,6,2,26,2018-12-14 21:00:00.000,0.23,0.33,3609,532,161,811,141,72,27,4,2
2018-12-05,Latam,B,12,HR,1,0,0,1,2018-12-14 21:00:00.000,0.00,0.00,3609,532,161,1082,169,87,36,5,2
2018-12-05,Latam,B,12,MQL,53,12,2,53,2018-12-15 11:57:42.000,0.23,0.17,3609,532,161,1082,169,87,36,5,2
2018-12-05,Latam,C,12,HR,1,1,0,1,2018-12-14 21:00:00.000,1.00,0.00,3609,532,161,1352,225,116,45,7,3
2018-12-05,Latam,C,12,MQL,38,8,6,38,2018-12-14 21:00:00.000,0.21,0.75,3609,532,161,1352,225,116,45,7,3
2018-12-05,Latam,D,12,HR,8,7,2,8,2018-12-14 21:00:00.000,0.88,0.29,3609,532,161,2164,28,15,72,0,0
2018-12-05,Latam,D,12,MQL,210,8,5,210,2018-12-14 21:00:00.000,0.04,0.63,3609,532,161,2164,28,15,72,0,0
2018-12-05,Partners,A,12,MQL,53,0,0,53,2018-12-14 21:00:00.000,0.00,0.00,3609,532,161,438,18,7,14,0,0
2018-12-05,Partners,B,12,MQL,126,0,0,126,2018-12-14 21:00:00.000,0.00,0.00,3609,532,161,584,21,8,19,0,0
2018-12-05,Partners,C,12,HR,2,1,0,2,2018-12-14 21:00:00.000,0.50,0.00,3609,532,161,729,28,10,24,0,0
2018-12-05,Partners,C,12,MQL,117,0,0,117,2018-12-14 21:00:00.000,0.00,0.00,3609,532,161,729,28,10,24,0,0
2018-12-05,Partners,D,12,HR,3,1,0,3,2018-12-14 21:00:00.000,0.33,0.00,3609,532,161,1168,3,1,38,0,0
2018-12-05,Partners,D,12,MQL,337,0,0,337,2018-12-15 06:36:22.000,0.00,0.00,3609,532,161,1168,3,1,38,0,0
2018-12-05,Portugal,A,12,MQL,4,0,0,4,2018-12-14 21:00:00.000,0.00,0.00,3609,532,161,53,9,2,1,0,0
2018-12-05,Portugal,B,12,MQL,3,0,0,3,2018-12-05 11:26:02.000,0.00,0.00,3609,532,161,70,11,3,2,0,0
2018-12-05,Portugal,C,12,MQL,2,0,0,2,2018-12-14 21:00:00.000,0.00,0.00,3609,532,161,88,16,4,2,0,0
2018-12-05,Portugal,D,12,MQL,7,0,0,7,2018-12-14 21:00:00.000,0.00,0.00,3609,532,161,140,2,0,4,0,0
2018-12-06,Brasil,A,12,MQL,194,68,15,194,2018-12-14 21:00:00.000,0.35,0.22,5525,799,247,1840,572,210,61,19,7
2018-12-06,Brasil,B,12,HR,1,0,0,1,2018-12-13 11:21:09.000,0.00,0.00,5525,799,247,2453,686,252,81,22,8
2018-12-06,Brasil,B,12,MQL,275,85,25,275,2018-12-14 21:00:00.000,0.31,0.29,5525,799,247,2453,686,252,81,22,8
2018-12-06,Brasil,C,12,HR,2,1,0,2,2018-12-10 06:50:16.000,0.50,0.00,5525,799,247,3067,916,337,102,30,11
2018-12-06,Brasil,C,12,MQL,182,86,33,182,2018-12-14 21:00:00.000,0.47,0.38,5525,799,247,3067,916,337,102,30,11
2018-12-06,Brasil,D,12,HR,2,0,0,2,2018-12-14 21:00:00.000,0.00,0.00,5525,799,247,4906,115,42,163,3,1
2018-12-06,Brasil,D,12,MQL,760,2,0,760,2018-12-15 14:05:41.000,0.00,0.00,5525,799,247,4906,115,42,163,3,1
2018-12-06,Latam,A,12,MQL,16,2,1,16,2018-12-14 21:00:00.000,0.13,0.50,5525,799,247,811,141,72,27,4,2
2018-12-06,Latam,B,12,HR,2,1,1,2,2018-12-14 21:00:00.000,0.50,1.00,5525,799,247,1082,169,87,36,5,2
2018-12-06,Latam,B,12,MQL,45,9,5,45,2018-12-14 21:00:00.000,0.20,0.56,5525,799,247,1082,169,87,36,5,2
2018-12-06,Latam,C,12,MQL,29,5,5,29,2018-12-14 21:00:00.000,0.17,1.00,5525,799,247,1352,225,116,45,7,3
2018-12-06,Latam,D,12,HR,2,0,0,2,2018-12-14 21:00:00.000,0.00,0.00,5525,799,247,2164,28,15,72,0,0
2018-12-06,Latam,D,12,MQL,133,2,0,133,2018-12-14 22:48:38.000,0.02,0.00,5525,799,247,2164,28,15,72,0,0
2018-12-06,Partners,A,12,MQL,38,1,0,38,2018-12-14 21:00:00.000,0.03,0.00,5525,799,247,438,18,7,14,0,0
2018-12-06,Partners,B,12,HR,1,1,0,1,2018-12-11 07:13:10.000,1.00,0.00,5525,799,247,584,21,8,19,0,0
2018-12-06,Partners,B,12,MQL,72,3,1,72,2018-12-14 21:00:00.000,0.04,0.33,5525,799,247,584,21,8,19,0,0
2018-12-06,Partners,C,12,MQL,41,1,0,41,2018-12-14 21:00:00.000,0.02,0.00,5525,799,247,729,28,10,24,0,0
2018-12-06,Partners,D,12,HR,1,0,0,1,2018-12-13 19:14:23.000,0.00,0.00,5525,799,247,1168,3,1,38,0,0
2018-12-06,Partners,D,12,MQL,118,0,0,118,2018-12-14 21:00:00.000,0.00,0.00,5525,799,247,1168,3,1,38,0,0
2018-12-06,Portugal,B,12,MQL,1,0,0,1,2018-12-06 07:19:04.000,0.00,0.00,5525,799,247,70,11,3,2,0,0
2018-12-06,Portugal,D,12,MQL,1,0,0,1,2018-12-14 21:00:00.000,0.00,0.00,5525,799,247,140,2,0,4,0,0
2018-12-07,Brasil,A,12,HR,1,0,0,1,2018-12-07 15:21:01.000,0.00,0.00,6119,888,281,1840,572,210,61,19,7
2018-12-07,Brasil,A,12,MQL,68,21,7,68,2018-12-15 10:23:30.000,0.31,0.33,6119,888,281,1840,572,210,61,19,7
2018-12-07,Brasil,B,12,MQL,57,20,7,57,2018-12-15 05:07:40.000,0.35,0.35,6119,888,281,2453,686,252,81,22,8
2018-12-07,Brasil,C,12,MQL,57,30,12,57,2018-12-14 21:00:00.000,0.53,0.40,6119,888,281,3067,916,337,102,30,11
2018-12-07,Brasil,D,12,MQL,223,0,0,223,2018-12-14 21:00:00.000,0.00,0.00,6119,888,281,4906,115,42,163,3,1
2018-12-07,Latam,A,12,MQL,7,1,1,7,2018-12-09 14:18:37.000,0.14,1.00,6119,888,281,811,141,72,27,4,2
2018-12-07,Latam,B,12,MQL,10,3,2,10,2018-12-14 21:00:00.000,0.30,0.67,6119,888,281,1082,169,87,36,5,2
2018-12-07,Latam,C,12,HR,1,1,1,1,2018-12-07 16:15:02.000,1.00,1.00,6119,888,281,1352,225,116,45,7,3
2018-12-07,Latam,C,12,MQL,10,3,1,10,2018-12-14 21:00:00.000,0.30,0.33,6119,888,281,1352,225,116,45,7,3
2018-12-07,Latam,D,12,HR,4,1,1,4,2018-12-10 21:34:59.000,0.25,1.00,6119,888,281,2164,28,15,72,0,0
2018-12-07,Latam,D,12,MQL,42,0,0,42,2018-12-14 21:00:00.000,0.00,0.00,6119,888,281,2164,28,15,72,0,0
2018-12-07,Partners,A,12,MQL,16,2,0,16,2018-12-14 21:00:00.000,0.13,0.00,6119,888,281,438,18,7,14,0,0
2018-12-07,Partners,B,12,MQL,22,1,0,22,2018-12-14 21:00:00.000,0.05,0.00,6119,888,281,584,21,8,19,0,0
2018-12-07,Partners,C,12,MQL,18,2,1,18,2018-12-15 08:45:40.000,0.11,0.50,6119,888,281,729,28,10,24,0,0
2018-12-07,Partners,D,12,HR,4,1,1,4,2018-12-13 09:59:34.000,0.25,1.00,6119,888,281,1168,3,1,38,0,0
2018-12-07,Partners,D,12,MQL,51,3,0,51,2018-12-14 21:00:00.000,0.06,0.00,6119,888,281,1168,3,1,38,0,0
2018-12-07,Portugal,C,12,MQL,1,0,0,1,2018-12-07 18:16:20.000,0.00,0.00,6119,888,281,88,16,4,2,0,0
2018-12-07,Portugal,D,12,MQL,2,0,0,2,2018-12-14 21:00:00.000,0.00,0.00,6119,888,281,140,2,0,4,0,0
2018-12-08,Brasil,A,12,HR,2,2,1,2,2018-12-10 07:07:34.000,1.00,0.50,6295,914,286,1840,572,210,61,19,7
2018-12-08,Brasil,A,12,MQL,8,3,0,8,2018-12-14 08:22:58.000,0.38,0.00,6295,914,286,1840,572,210,61,19,7
2018-12-08,Brasil,B,12,HR,1,0,0,1,2018-12-10 06:22:09.000,0.00,0.00,6295,914,286,2453,686,252,81,22,8
2018-12-08,Brasil,B,12,MQL,14,6,0,14,2018-12-14 21:00:00.000,0.43,0.00,6295,914,286,2453,686,252,81,22,8
2018-12-08,Brasil,C,12,MQL,12,7,2,12,2018-12-14 21:00:00.000,0.58,0.29,6295,914,286,3067,916,337,102,30,11
2018-12-08,Brasil,D,12,HR,2,0,0,2,2018-12-11 11:16:39.000,0.00,0.00,6295,914,286,4906,115,42,163,3,1
2018-12-08,Brasil,D,12,MQL,75,0,0,75,2018-12-15 15:38:44.000,0.00,0.00,6295,914,286,4906,115,42,163,3,1
2018-12-08,Latam,A,12,MQL,5,2,0,5,2018-12-14 21:00:00.000,0.40,0.00,6295,914,286,811,141,72,27,4,2
2018-12-08,Latam,B,12,HR,1,0,0,1,2018-12-09 19:22:10.000,0.00,0.00,6295,914,286,1082,169,87,36,5,2
2018-12-08,Latam,B,12,MQL,3,1,0,3,2018-12-14 21:00:00.000,0.33,0.00,6295,914,286,1082,169,87,36,5,2
2018-12-08,Latam,C,12,HR,1,1,0,1,2018-12-08 17:20:26.000,1.00,0.00,6295,914,286,1352,225,116,45,7,3
2018-12-08,Latam,C,12,MQL,3,2,1,3,2018-12-08 18:53:56.000,0.67,0.50,6295,914,286,1352,225,116,45,7,3
2018-12-08,Latam,D,12,HR,6,2,1,6,2018-12-14 21:00:00.000,0.33,0.50,6295,914,286,2164,28,15,72,0,0
2018-12-08,Latam,D,12,MQL,26,0,0,26,2018-12-14 21:00:00.000,0.00,0.00,6295,914,286,2164,28,15,72,0,0
2018-12-08,Partners,A,12,MQL,1,0,0,1,2018-12-08 11:58:40.000,0.00,0.00,6295,914,286,438,18,7,14,0,0
2018-12-08,Partners,B,12,MQL,3,0,0,3,2018-12-08 14:21:54.000,0.00,0.00,6295,914,286,584,21,8,19,0,0
2018-12-08,Partners,C,12,MQL,2,0,0,2,2018-12-08 21:47:15.000,0.00,0.00,6295,914,286,729,28,10,24,0,0
2018-12-08,Partners,D,12,MQL,10,0,0,10,2018-12-14 21:00:00.000,0.00,0.00,6295,914,286,1168,3,1,38,0,0
2018-12-08,Portugal,D,12,MQL,1,0,0,1,2018-12-08 17:36:09.000,0.00,0.00,6295,914,286,140,2,0,4,0,0
2018-12-09,Brasil,A,12,MQL,5,2,1,5,2018-12-14 21:00:00.000,0.40,0.50,6419,935,292,1840,572,210,61,19,7
2018-12-09,Brasil,B,12,MQL,11,6,3,11,2018-12-15 15:24:04.000,0.55,0.50,6419,935,292,2453,686,252,81,22,8
2018-12-09,Brasil,C,12,MQL,15,10,0,15,2018-12-14 21:00:00.000,0.67,0.00,6419,935,292,3067,916,337,102,30,11
2018-12-09,Brasil,D,12,MQL,54,0,0,54,2018-12-14 21:00:00.000,0.00,0.00,6419,935,292,4906,115,42,163,3,1
2018-12-09,Latam,A,12,MQL,1,0,0,1,2018-12-09 13:50:57.000,0.00,0.00,6419,935,292,811,141,72,27,4,2
2018-12-09,Latam,B,12,MQL,3,1,0,3,2018-12-14 21:00:00.000,0.33,0.00,6419,935,292,1082,169,87,36,5,2
2018-12-09,Latam,C,12,MQL,1,1,1,1,2018-12-10 13:00:35.000,1.00,1.00,6419,935,292,1352,225,116,45,7,3
2018-12-09,Latam,D,12,HR,2,0,0,2,2018-12-11 11:21:18.000,0.00,0.00,6419,935,292,2164,28,15,72,0,0
2018-12-09,Latam,D,12,MQL,15,0,0,15,2018-12-14 21:00:00.000,0.00,0.00,6419,935,292,2164,28,15,72,0,0
2018-12-09,Partners,A,12,MQL,1,0,0,1,2018-12-09 15:10:05.000,0.00,0.00,6419,935,292,438,18,7,14,0,0
2018-12-09,Partners,B,12,MQL,6,1,1,6,2018-12-14 21:00:00.000,0.17,1.00,6419,935,292,584,21,8,19,0,0
2018-12-09,Partners,C,12,MQL,1,0,0,1,2018-12-09 14:02:07.000,0.00,0.00,6419,935,292,729,28,10,24,0,0
2018-12-09,Partners,D,12,MQL,9,0,0,9,2018-12-14 21:00:00.000,0.00,0.00,6419,935,292,1168,3,1,38,0,0
2018-12-10,Brasil,A,12,HR,1,0,0,1,2018-12-10 07:09:25.000,0.00,0.00,6952,1019,320,1840,572,210,61,19,7
2018-12-10,Brasil,A,12,MQL,46,17,4,46,2018-12-15 11:33:09.000,0.37,0.24,6952,1019,320,1840,572,210,61,19,7
2018-12-10,Brasil,B,12,HR,1,0,0,1,2018-12-11 06:17:02.000,0.00,0.00,6952,1019,320,2453,686,252,81,22,8
2018-12-10,Brasil,B,12,MQL,60,24,6,60,2018-12-14 21:00:00.000,0.40,0.25,6952,1019,320,2453,686,252,81,22,8
2018-12-10,Brasil,C,12,HR,2,1,0,2,2018-12-10 08:06:17.000,0.50,0.00,6952,1019,320,3067,916,337,102,30,11
2018-12-10,Brasil,C,12,MQL,45,25,9,45,2018-12-14 21:00:00.000,0.56,0.36,6952,1019,320,3067,916,337,102,30,11
2018-12-10,Brasil,D,12,HR,1,0,0,1,2018-12-12 06:13:14.000,0.00,0.00,6952,1019,320,4906,115,42,163,3,1
2018-12-10,Brasil,D,12,MQL,158,0,0,158,2018-12-14 21:00:00.000,0.00,0.00,6952,1019,320,4906,115,42,163,3,1
2018-12-10,Latam,A,12,MQL,10,3,1,10,2018-12-13 16:22:24.000,0.30,0.33,6952,1019,320,811,141,72,27,4,2
2018-12-10,Latam,B,12,HR,1,0,0,1,2018-12-14 21:00:00.000,0.00,0.00,6952,1019,320,1082,169,87,36,5,2
2018-12-10,Latam,B,12,MQL,29,5,3,29,2018-12-14 21:00:00.000,0.17,0.60,6952,1019,320,1082,169,87,36,5,2
2018-12-10,Latam,C,12,HR,1,1,1,1,2018-12-10 14:42:26.000,1.00,1.00,6952,1019,320,1352,225,116,45,7,3
2018-12-10,Latam,C,12,MQL,16,3,3,16,2018-12-14 21:00:00.000,0.19,1.00,6952,1019,320,1352,225,116,45,7,3
2018-12-10,Latam,D,12,HR,5,2,1,5,2018-12-14 21:55:37.000,0.40,0.50,6952,1019,320,2164,28,15,72,0,0
2018-12-10,Latam,D,12,MQL,87,2,0,87,2018-12-14 21:00:00.000,0.02,0.00,6952,1019,320,2164,28,15,72,0,0
2018-12-10,Partners,A,12,MQL,11,0,0,11,2018-12-14 21:00:00.000,0.00,0.00,6952,1019,320,438,18,7,14,0,0
2018-12-10,Partners,B,12,MQL,14,0,0,14,2018-12-14 21:00:00.000,0.00,0.00,6952,1019,320,584,21,8,19,0,0
2018-12-10,Partners,C,12,MQL,8,0,0,8,2018-12-14 21:00:00.000,0.00,0.00,6952,1019,320,729,28,10,24,0,0
2018-12-10,Partners,D,12,MQL,36,1,0,36,2018-12-14 21:00:00.000,0.03,0.00,6952,1019,320,1168,3,1,38,0,0
2018-12-10,Portugal,D,12,MQL,1,0,0,1,2018-12-10 17:23:35.000,0.00,0.00,6952,1019,320,140,2,0,4,0,0
2018-12-11,Brasil,A,12,MQL,78,40,7,78,2018-12-14 21:00:00.000,0.51,0.18,7867,1178,370,1840,572,210,61,19,7
2018-12-11,Brasil,B,12,HR,2,1,0,2,2018-12-11 08:41:47.000,0.50,0.00,7867,1178,370,2453,686,252,81,22,8
2018-12-11,Brasil,B,12,MQL,103,41,5,103,2018-12-14 21:00:00.000,0.40,0.12,7867,1178,370,2453,686,252,81,22,8
2018-12-11,Brasil,C,12,MQL,56,30,16,56,2018-12-14 21:00:00.000,0.54,0.53,7867,1178,370,3067,916,337,102,30,11
2018-12-11,Brasil,D,12,HR,2,0,0,2,2018-12-13 07:46:50.000,0.00,0.00,7867,1178,370,4906,115,42,163,3,1
2018-12-11,Brasil,D,12,MQL,259,1,0,259,2018-12-14 21:00:00.000,0.00,0.00,7867,1178,370,4906,115,42,163,3,1
2018-12-11,Latam,A,12,HR,2,2,1,2,2018-12-14 21:00:00.000,1.00,0.50,7867,1178,370,811,141,72,27,4,2
2018-12-11,Latam,A,12,MQL,43,8,4,43,2018-12-14 21:00:00.000,0.19,0.50,7867,1178,370,811,141,72,27,4,2
2018-12-11,Latam,B,12,HR,4,2,2,4,2018-12-11 11:22:33.000,0.50,1.00,7867,1178,370,1082,169,87,36,5,2
2018-12-11,Latam,B,12,MQL,59,14,8,59,2018-12-15 16:12:02.000,0.24,0.57,7867,1178,370,1082,169,87,36,5,2
2018-12-11,Latam,C,12,HR,3,1,0,3,2018-12-11 15:13:09.000,0.33,0.00,7867,1178,370,1352,225,116,45,7,3
2018-12-11,Latam,C,12,MQL,29,10,5,29,2018-12-14 21:00:00.000,0.34,0.50,7867,1178,370,1352,225,116,45,7,3
2018-12-11,Latam,D,12,HR,19,5,0,19,2018-12-14 21:00:00.000,0.26,0.00,7867,1178,370,2164,28,15,72,0,0
2018-12-11,Latam,D,12,MQL,196,3,2,196,2018-12-14 21:00:00.000,0.02,0.67,7867,1178,370,2164,28,15,72,0,0
2018-12-11,Partners,A,12,HR,1,0,0,1,2018-12-14 10:20:53.000,0.00,0.00,7867,1178,370,438,18,7,14,0,0
2018-12-11,Partners,A,12,MQL,8,1,0,8,2018-12-14 21:00:00.000,0.13,0.00,7867,1178,370,438,18,7,14,0,0
2018-12-11,Partners,B,12,HR,1,0,0,1,2018-12-12 08:08:39.000,0.00,0.00,7867,1178,370,584,21,8,19,0,0
2018-12-11,Partners,B,12,MQL,12,0,0,12,2018-12-14 21:00:00.000,0.00,0.00,7867,1178,370,584,21,8,19,0,0
2018-12-11,Partners,C,12,HR,1,0,0,1,2018-12-14 21:00:00.000,0.00,0.00,7867,1178,370,729,28,10,24,0,0
2018-12-11,Partners,C,12,MQL,7,0,0,7,2018-12-14 21:00:00.000,0.00,0.00,7867,1178,370,729,28,10,24,0,0
2018-12-11,Partners,D,12,MQL,29,0,0,29,2018-12-14 21:00:00.000,0.00,0.00,7867,1178,370,1168,3,1,38,0,0
2018-12-11,Portugal,D,12,MQL,1,0,0,1,2018-12-13 11:56:26.000,0.00,0.00,7867,1178,370,140,2,0,4,0,0
2018-12-12,Brasil,A,12,MQL,32,20,2,32,2018-12-14 21:00:00.000,0.63,0.10,8273,1249,390,1840,572,210,61,19,7
2018-12-12,Brasil,B,12,HR,1,1,1,1,2018-12-12 19:28:49.000,1.00,1.00,8273,1249,390,2453,686,252,81,22,8
2018-12-12,Brasil,B,12,MQL,43,22,4,43,2018-12-14 21:00:00.000,0.51,0.18,8273,1249,390,2453,686,252,81,22,8
2018-12-12,Brasil,C,12,MQL,24,7,4,24,2018-12-14 21:00:00.000,0.29,0.57,8273,1249,390,3067,916,337,102,30,11
2018-12-12,Brasil,D,12,MQL,104,1,0,104,2018-12-14 21:00:00.000,0.01,0.00,8273,1249,390,4906,115,42,163,3,1
2018-12-12,Latam,A,12,HR,1,0,0,1,2018-12-13 17:49:35.000,0.00,0.00,8273,1249,390,811,141,72,27,4,2
2018-12-12,Latam,A,12,MQL,11,2,1,11,2018-12-14 21:00:00.000,0.18,0.50,8273,1249,390,811,141,72,27,4,2
2018-12-12,Latam,B,12,MQL,15,3,1,15,2018-12-15 11:56:58.000,0.20,0.33,8273,1249,390,1082,169,87,36,5,2
2018-12-12,Latam,C,12,HR,2,1,0,2,2018-12-14 12:49:48.000,0.50,0.00,8273,1249,390,1352,225,116,45,7,3
2018-12-12,Latam,C,12,Indicao,1,1,1,1,2018-12-14 21:00:00.000,1.00,1.00,8273,1249,390,1352,225,116,45,7,3
2018-12-12,Latam,C,12,MQL,20,6,5,20,2018-12-14 21:00:00.000,0.30,0.83,8273,1249,390,1352,225,116,45,7,3
2018-12-12,Latam,D,12,HR,11,3,0,11,2018-12-15 16:27:39.000,0.27,0.00,8273,1249,390,2164,28,15,72,0,0
2018-12-12,Latam,D,12,MQL,94,3,1,94,2018-12-14 21:00:00.000,0.03,0.33,8273,1249,390,2164,28,15,72,0,0
2018-12-12,Partners,A,12,MQL,2,0,0,2,2018-12-12 13:58:40.000,0.00,0.00,8273,1249,390,438,18,7,14,0,0
2018-12-12,Partners,B,12,MQL,8,0,0,8,2018-12-14 21:00:00.000,0.00,0.00,8273,1249,390,584,21,8,19,0,0
2018-12-12,Partners,C,12,MQL,6,0,0,6,2018-12-14 21:00:00.000,0.00,0.00,8273,1249,390,729,28,10,24,0,0
2018-12-12,Partners,D,12,MQL,23,1,0,23,2018-12-14 21:00:00.000,0.04,0.00,8273,1249,390,1168,3,1,38,0,0
2018-12-12,Portugal,B,12,MQL,4,0,0,4,2018-12-14 21:00:00.000,0.00,0.00,8273,1249,390,70,11,3,2,0,0
2018-12-12,Portugal,C,12,MQL,1,0,0,1,2018-12-12 16:33:10.000,0.00,0.00,8273,1249,390,88,16,4,2,0,0
2018-12-12,Portugal,D,12,MQL,3,0,0,3,2018-12-12 20:46:42.000,0.00,0.00,8273,1249,390,140,2,0,4,0,0
2018-12-13,Brasil,A,12,MQL,59,27,6,59,2018-12-14 21:00:00.000,0.46,0.22,9153,1395,431,1840,572,210,61,19,7
2018-12-13,Brasil,B,12,MQL,125,63,22,125,2018-12-14 21:00:00.000,0.50,0.35,9153,1395,431,2453,686,252,81,22,8
2018-12-13,Brasil,C,12,MQL,77,34,6,77,2018-12-14 21:00:00.000,0.44,0.18,9153,1395,431,3067,916,337,102,30,11
2018-12-13,Brasil,D,12,HR,2,0,0,2,2018-12-13 21:05:15.000,0.00,0.00,9153,1395,431,4906,115,42,163,3,1
2018-12-13,Brasil,D,12,MQL,317,1,0,317,2018-12-15 17:14:09.000,0.00,0.00,9153,1395,431,4906,115,42,163,3,1
2018-12-13,Latam,A,12,HR,1,1,0,1,2018-12-13 11:12:54.000,1.00,0.00,9153,1395,431,811,141,72,27,4,2
2018-12-13,Latam,A,12,MQL,22,5,0,22,2018-12-14 21:00:00.000,0.23,0.00,9153,1395,431,811,141,72,27,4,2
2018-12-13,Latam,B,12,MQL,25,6,4,25,2018-12-14 21:00:00.000,0.24,0.67,9153,1395,431,1082,169,87,36,5,2
2018-12-13,Latam,C,12,HR,3,2,1,3,2018-12-14 21:00:00.000,0.67,0.50,9153,1395,431,1352,225,116,45,7,3
2018-12-13,Latam,C,12,MQL,21,2,1,21,2018-12-14 21:00:00.000,0.10,0.50,9153,1395,431,1352,225,116,45,7,3
2018-12-13,Latam,D,12,HR,8,3,0,8,2018-12-13 19:45:17.000,0.38,0.00,9153,1395,431,2164,28,15,72,0,0
2018-12-13,Latam,D,12,MQL,133,1,0,133,2018-12-14 21:00:00.000,0.01,0.00,9153,1395,431,2164,28,15,72,0,0
2018-12-13,Partners,A,12,MQL,10,0,0,10,2018-12-14 21:00:00.000,0.00,0.00,9153,1395,431,438,18,7,14,0,0
2018-12-13,Partners,B,12,HR,1,0,0,1,2018-12-13 14:40:53.000,0.00,0.00,9153,1395,431,584,21,8,19,0,0
2018-12-13,Partners,B,12,MQL,18,0,0,18,2018-12-15 06:33:48.000,0.00,0.00,9153,1395,431,584,21,8,19,0,0
2018-12-13,Partners,C,12,MQL,11,0,0,11,2018-12-14 21:00:00.000,0.00,0.00,9153,1395,431,729,28,10,24,0,0
2018-12-13,Partners,D,12,HR,1,0,0,1,2018-12-13 06:46:22.000,0.00,0.00,9153,1395,431,1168,3,1,38,0,0
2018-12-13,Partners,D,12,MQL,34,0,0,34,2018-12-15 08:29:20.000,0.00,0.00,9153,1395,431,1168,3,1,38,0,0
2018-12-13,Portugal,A,12,MQL,2,1,1,2,2018-12-14 21:00:00.000,0.50,1.00,9153,1395,431,53,9,2,1,0,0
2018-12-13,Portugal,B,12,MQL,3,0,0,3,2018-12-14 21:00:00.000,0.00,0.00,9153,1395,431,70,11,3,2,0,0
2018-12-13,Portugal,C,12,MQL,3,0,0,3,2018-12-14 21:00:00.000,0.00,0.00,9153,1395,431,88,16,4,2,0,0
2018-12-13,Portugal,D,12,MQL,4,0,0,4,2018-12-13 11:40:08.000,0.00,0.00,9153,1395,431,140,2,0,4,0,0
2018-12-14,Brasil,A,12,MQL,15,10,1,15,2018-12-14 22:18:40.000,0.67,0.10,9423,1461,449,1840,572,210,61,19,7
2018-12-14,Brasil,B,12,MQL,32,21,6,32,2018-12-15 11:26:48.000,0.66,0.29,9423,1461,449,2453,686,252,81,22,8
2018-12-14,Brasil,C,12,HR,1,1,1,1,2018-12-14 08:36:13.000,1.00,1.00,9423,1461,449,3067,916,337,102,30,11
2018-12-14,Brasil,C,12,MQL,24,18,5,24,2018-12-15 03:48:03.000,0.75,0.28,9423,1461,449,3067,916,337,102,30,11
2018-12-14,Brasil,D,12,MQL,108,4,1,108,2018-12-15 18:43:52.000,0.04,0.25,9423,1461,449,4906,115,42,163,3,1
2018-12-14,Latam,A,12,HR,1,1,0,1,2018-12-14 11:19:52.000,1.00,0.00,9423,1461,449,811,141,72,27,4,2
2018-12-14,Latam,A,12,MQL,4,2,0,4,2018-12-14 23:46:49.000,0.50,0.00,9423,1461,449,811,141,72,27,4,2
2018-12-14,Latam,B,12,MQL,6,1,0,6,2018-12-14 12:21:40.000,0.17,0.00,9423,1461,449,1082,169,87,36,5,2
2018-12-14,Latam,C,12,MQL,4,3,2,4,2018-12-14 21:00:00.000,0.75,0.67,9423,1461,449,1352,225,116,45,7,3
2018-12-14,Latam,D,12,HR,2,1,0,2,2018-12-14 10:00:26.000,0.50,0.00,9423,1461,449,2164,28,15,72,0,0
2018-12-14,Latam,D,12,MQL,42,0,0,42,2018-12-14 22:37:31.000,0.00,0.00,9423,1461,449,2164,28,15,72,0,0
2018-12-14,Partners,A,12,MQL,3,0,0,3,2018-12-14 21:00:00.000,0.00,0.00,9423,1461,449,438,18,7,14,0,0
2018-12-14,Partners,B,12,MQL,7,1,0,7,2018-12-14 21:00:00.000,0.14,0.00,9423,1461,449,584,21,8,19,0,0
2018-12-14,Partners,C,12,MQL,9,1,0,9,2018-12-14 15:56:39.000,0.11,0.00,9423,1461,449,729,28,10,24,0,0
2018-12-14,Partners,D,12,HR,1,1,1,1,2018-12-14 08:21:38.000,1.00,1.00,9423,1461,449,1168,3,1,38,0,0
2018-12-14,Partners,D,12,MQL,10,1,1,10,2018-12-14 21:00:00.000,0.10,1.00,9423,1461,449,1168,3,1,38,0,0
2018-12-14,Portugal,B,12,MQL,1,0,0,1,2018-12-14 03:57:00.000,0.00,0.00,9423,1461,449,70,11,3,2,0,0
2018-12-15,Brasil,A,12,MQL,3,1,0,3,2018-12-15 16:21:03.000,0.33,0.00,9511,1475,452,1840,572,210,61,19,7
2018-12-15,Brasil,B,12,MQL,8,4,1,8,2018-12-15 18:55:42.000,0.50,0.25,9511,1475,452,2453,686,252,81,22,8
2018-12-15,Brasil,C,12,MQL,8,5,1,8,2018-12-15 14:58:19.000,0.63,0.20,9511,1475,452,3067,916,337,102,30,11
2018-12-15,Brasil,D,12,MQL,34,0,0,34,2018-12-15 20:32:18.000,0.00,0.00,9511,1475,452,4906,115,42,163,3,1
2018-12-15,Latam,A,12,MQL,2,1,0,2,2018-12-15 08:56:58.000,0.50,0.00,9511,1475,452,811,141,72,27,4,2
2018-12-15,Latam,B,12,HR,1,0,0,1,2018-12-14 21:00:00.000,0.00,0.00,9511,1475,452,1082,169,87,36,5,2
2018-12-15,Latam,B,12,MQL,2,1,0,2,2018-12-15 20:24:24.000,0.50,0.00,9511,1475,452,1082,169,87,36,5,2
2018-12-15,Latam,C,12,HR,1,1,1,1,2018-12-14 21:00:00.000,1.00,1.00,9511,1475,452,1352,225,116,45,7,3
2018-12-15,Latam,C,12,MQL,5,1,0,5,2018-12-15 19:47:16.000,0.20,0.00,9511,1475,452,1352,225,116,45,7,3
2018-12-15,Latam,D,12,HR,1,0,0,1,2018-12-15 18:24:51.000,0.00,0.00,9511,1475,452,2164,28,15,72,0,0
2018-12-15,Latam,D,12,MQL,15,0,0,15,2018-12-15 20:11:39.000,0.00,0.00,9511,1475,452,2164,28,15,72,0,0
2018-12-15,Partners,A,12,MQL,3,0,0,3,2018-12-15 19:43:15.000,0.00,0.00,9511,1475,452,438,18,7,14,0,0
2018-12-15,Partners,B,12,MQL,1,0,0,1,2018-12-14 21:00:00.000,0.00,0.00,9511,1475,452,584,21,8,19,0,0
2018-12-15,Partners,D,12,MQL,2,0,0,2,2018-12-15 12:32:34.000,0.00,0.00,9511,1475,452,1168,3,1,38,0,0
2018-12-15,Portugal,A,12,MQL,1,0,0,1,2018-12-14 21:00:00.000,0.00,0.00,9511,1475,452,53,9,2,1,0,0
2018-12-15,Portugal,D,12,MQL,1,0,0,1,2018-12-15 14:00:26.000,0.00,0.00,9511,1475,452,140,2,0,4,0,0
